,movie,person,genre,like
0,141,19,3,-7.249903698262361
1,144,3,1,2.777657113989276
2,146,11,0,-8.562493794599416
3,56,2,2,-5.836699604510928
4,166,15,1,-3.037239480529393
5,115,19,0,-8.142603804744954
6,67,0,0,-11.42413704697585
7,78,5,1,-12.076127514865773
8,161,0,0,-2.320386158536017
9,139,20,0,-8.125123078086085
10,172,20,2,-0.706653366493434
11,93,13,4,-5.2074880001475226
12,143,1,2,-4.897534314391876
13,194,13,4,1.1524891387552048
14,24,3,0,3.8629654664573927
15,97,7,4,-6.276293283724801
16,139,9,0,-2.2565211266120286
17,120,5,0,3.0455844356730744
18,2,18,4,0.22247050190700635
19,89,17,2,2.6230219020734755
20,167,1,4,3.907239661492235
21,71,19,3,-6.355953519189082
22,193,14,2,-0.8278840120435116
23,103,16,4,-1.9532632389278786
24,98,3,2,-6.54374956611809
25,136,12,3,-10.109424276591076
26,146,0,0,-6.69804469952432
27,136,23,3,-5.798829045302361
28,118,16,4,-0.9855592900030081
29,97,18,4,3.662428052864281
30,2,15,4,1.4950359230239756
31,134,12,0,-1.3370265291230927
32,100,8,3,-12.236309957197122
33,124,6,1,-10.50912427139908
34,29,23,1,-3.6512605525652084
35,197,9,1,5.167947422091647
36,83,8,2,-7.609087316382684
37,196,8,4,-6.857864185150742
38,131,14,3,-11.796011137466776
39,14,18,3,-5.129868722583962
40,189,9,3,-1.2028030596194035
41,157,20,2,-10.213915636238422
42,153,8,0,-14.960212052801605
43,70,14,1,-11.168921384746419
44,101,3,1,1.924285241724926
45,168,17,4,2.7030198651328554
46,42,17,4,4.676633357776984
47,45,17,2,-4.304222698839931
48,42,14,4,-3.9907284187052006
49,45,13,2,-10.777539772872307
50,34,15,0,3.2103738380197986
51,164,12,0,-3.698657640860583
52,167,2,4,-5.094847272646607
53,6,9,1,7.160923683981576
54,193,20,2,-8.29691756320005
55,126,4,2,-3.9882240670389124
56,121,14,3,-4.568072256312254
57,106,18,1,1.8545302311129799
58,29,18,1,4.1998522034528465
59,137,19,3,-9.30431396415429
60,51,11,0,-6.03638849520779
61,139,14,0,-5.853632553426849
62,185,15,1,-3.322785824757646
63,117,8,3,-16.357726991123013
64,171,13,0,-4.224129902006741
65,78,18,1,-8.051695077500803
66,105,7,3,-7.781096081761314
67,193,8,2,-14.77662759240614
68,23,10,3,-5.924920102824243
69,99,0,3,-10.101829684967313
70,117,15,3,1.4996539969574965
71,179,9,1,8.236219255698972
72,94,16,0,-3.8488461341149875
73,36,11,3,-12.442074250971357
74,17,15,1,-10.43853457318277
75,158,15,4,7.756100950155365
76,173,24,1,-1.731960036796007
77,170,17,1,3.428603644855089
78,171,2,0,-5.293949200939252
79,196,24,4,-3.0909705993583128
80,112,19,4,-3.4371695658466397
81,138,7,2,-9.592986792226114
82,5,19,2,-8.414119494318088
83,28,1,1,3.2556093207877814
84,56,3,2,-6.219587371211786
85,111,24,4,6.012769881889556
86,66,1,1,8.108288741588964
87,162,14,3,-6.0902032474092955
88,71,13,3,-1.4771837887936146
89,25,7,2,-4.0751957962404095
90,23,15,3,0.35244297726525264
91,21,3,2,3.639879510859812
92,138,8,2,-13.330288585410468
93,169,4,0,0.22011245248432232
94,29,11,1,-9.79502532760172
95,44,22,3,-8.986201049867562
96,45,21,2,2.789711885142169
97,27,10,4,5.2030907272397915
98,190,7,3,-7.103564674429028
99,170,7,1,-1.3824192993381912
100,96,6,4,-1.9014123024702885
101,11,18,0,-7.080684663433039
102,157,22,2,-10.878603624931738
103,45,20,2,-6.972630319266602
104,49,8,4,-5.9435816130548655
105,161,18,0,2.3171904707271374
106,175,6,0,-6.847089684467848
107,196,22,4,-8.072957602895766
108,123,2,3,-0.9070114932971913
109,32,12,1,-4.102698886665268
110,115,3,0,-4.59744544069992
111,52,23,2,-1.4957313473585208
112,12,21,3,0.8524833822093703
113,53,5,3,-5.684341785084481
114,104,23,1,1.541578790060579
115,136,23,3,-10.266923430428694
116,7,6,4,-2.1811288597540393
117,119,3,2,-3.720468392198966
118,58,19,2,-9.049682843551468
119,26,22,2,-4.3027131557502925
120,161,9,0,-1.5397062213618264
121,43,5,3,-7.98408212031103
122,155,12,1,1.9729442639864856
123,62,16,2,-7.0334119440878915
124,112,20,4,-3.5824483149854824
125,180,12,2,-11.681895909881387
126,67,23,0,0.041281747293843374
127,39,5,3,-0.7258828063245244
128,179,8,1,-7.400322432378365
129,111,9,4,3.9391372946516103
130,176,10,2,-4.463820096367205
131,124,2,1,-7.389261159187134
132,5,14,2,-4.409610558265387
133,78,3,1,-2.9731291809882174
134,191,1,1,5.5142038018907
135,115,12,0,-5.618419476716125
136,174,9,0,-6.180929062236228
137,77,6,3,-13.65885506734832
138,186,11,2,-3.461509822672177
139,30,1,3,-3.4024170215190344
140,156,24,1,2.712550885884769
141,115,11,0,-8.258506012034513
142,175,9,0,-4.107532119686033
143,180,15,2,-4.147965255447872
144,155,13,1,2.845073704810152
145,2,5,4,-0.18854796710522148
146,146,20,0,-3.5450977106612465
147,160,19,3,-7.523291914857499
148,0,21,3,3.5020087535877784
149,94,3,0,5.074895738098041
150,176,1,2,-4.4551377493933355
151,102,14,1,-20.050654405545487
152,53,5,3,-6.593882645786378
153,45,24,2,7.860231180504523
154,44,4,3,6.913060239833776
155,152,11,3,-5.275262559387526
156,18,1,2,1.0766503085936951
157,65,8,4,-9.568802436220501
158,185,3,1,-0.3294812203166031
159,175,11,0,-5.149152868880614
160,132,11,4,-3.6566992989918443
161,51,7,0,-10.414243877531074
162,175,13,0,-3.742829050487042
163,16,16,3,-13.881993107923112
164,185,24,1,0.2039063883579365
165,78,2,1,-6.847086804311599
166,108,0,2,-3.056667390495297
167,27,2,4,-4.056246853541655
168,158,17,4,7.80174297632358
169,144,17,1,-3.0412937476484943
170,110,24,3,-0.2359338242818543
171,196,11,4,-0.6270187421418991
172,35,20,3,-7.0394050227721205
173,160,21,3,1.2053774735540623
174,92,19,4,3.2076713046308445
175,80,20,0,-0.2848424868888295
176,98,12,2,-5.047705036918467
177,194,12,4,-1.7546925200233845
178,94,17,0,0.48899979884901035
179,43,13,3,-5.420948744749048
180,119,17,2,-1.3681070569728977
181,16,9,3,-1.5920278188143522
182,178,9,3,-4.968351280434854
183,33,23,0,-1.0243205465890104
184,76,10,0,-2.8437537127102783
185,58,16,2,-2.4242073225131127
186,176,11,2,-12.467284469897113
187,139,0,0,-5.170077073765828
188,134,11,0,-7.59522003653446
189,196,14,4,-12.282610670786843
190,82,2,4,-4.826086629755986
191,53,6,3,-12.651164527420079
192,75,12,0,-1.3922561999260532
193,112,17,4,4.600516292579545
194,0,20,3,-6.898221195606791
195,197,18,1,-0.8399727062430653
196,146,4,0,0.6767700102954408
197,123,2,3,3.911576302093837
198,49,24,4,0.1585149941859485
199,59,19,0,-8.675850203288476
200,131,11,3,-15.654603672829696
201,190,10,3,-5.342454900101011
202,58,6,2,-7.346361008277467
203,43,20,3,-11.383553046808949
204,74,9,2,-0.8289752615760777
205,130,24,0,1.3206361529367685
206,189,13,3,-5.574772069109005
207,181,15,1,-4.665471374034814
208,37,19,2,-8.603895845570342
209,57,16,2,-8.924575154245693
210,33,9,0,-2.997433930932216
211,54,19,1,1.0466978491014767
212,5,5,2,-8.197671427072827
213,136,10,3,-5.884212254378178
214,183,16,3,-1.747347032494892
215,64,18,0,-0.3733934663351678
216,165,21,3,2.6685522094270153
217,57,16,2,-6.4229604382377
218,82,14,4,-1.1704252349972326
219,100,10,3,-10.338375470929881
220,87,11,4,1.2954799508233785
221,53,1,3,3.56347955419685
222,136,20,3,-12.646273648997457
223,37,0,2,0.33564478945339493
224,120,9,0,-1.7023077847607138
225,171,1,0,4.118376298980857
226,79,18,3,-6.888724358490778
227,102,19,1,-6.2317450816525
228,64,19,0,-3.730168045286295
229,63,17,1,-1.7435935839905776
230,165,20,3,-7.268806552873442
231,93,20,4,-4.573383680469899
232,139,13,0,-5.7117088459312075
233,27,19,4,-0.540193012762386
234,124,24,1,0.41494531365051657
235,15,0,1,-2.1325464594091375
236,103,4,4,11.23348459743411
237,116,11,1,-0.9503514148041374
238,124,24,1,-1.8070738563069706
239,120,0,0,-4.984212651732239
240,54,13,1,-0.6017388491556281
241,124,18,1,2.342725171302436
242,97,15,4,1.4978805760078557
243,45,21,2,2.8190097059144223
244,43,10,3,-5.786681620701886
245,187,22,1,-6.155672883522257
246,159,20,0,-9.000671337074003
247,151,6,0,-6.054058600531577
248,97,16,4,-1.6840124151743345
249,160,0,3,-12.837356139994855
250,71,13,3,-7.311236993676168
251,1,1,1,3.1942846269842997
252,137,7,3,-8.437201151809266
253,34,24,0,-7.599142091039445
254,37,14,2,1.6967238714003865
255,148,3,2,-7.437345085803054
256,36,6,3,-9.184531558600412
257,66,13,1,-1.9246292331398291
258,176,16,2,-15.197534349244702
259,196,1,4,-5.066960348752027
260,92,24,4,2.847549285848373
261,166,19,1,-2.4890970220570594
262,41,2,0,-1.8672433393778982
263,26,7,2,-17.140570054875468
264,25,9,2,2.4871122003865325
265,34,15,0,-2.188757712234626
266,50,4,0,2.448339608060054
267,191,8,1,-6.52344758094826
268,180,1,2,-0.0007857477554922276
269,57,18,2,0.5002723625464507
270,46,6,1,-13.304871622948884
271,145,1,2,-1.4291171167061527
272,132,11,4,-2.881795730929359
273,155,22,1,-2.727037922363894
274,157,19,2,-7.739461576462843
275,80,23,0,1.1567423017382874
276,133,6,4,-2.9308274415488014
277,143,21,2,-7.467948015885055
278,24,20,0,-5.2254393654591205
279,185,9,1,4.265805525772874
280,84,16,4,3.1986744707733292
281,152,8,3,-9.960369758262106
282,174,16,0,-1.3651884388187587
283,100,13,3,-12.021295014370416
284,35,5,3,-6.796313885086906
285,19,12,1,1.1983776993081843
286,125,4,4,-0.2698364169791807
287,91,24,1,-0.21786625215554775
288,147,13,1,-0.7045894860644837
289,181,1,1,-6.427117261955948
290,116,18,1,-0.4582758692425706
291,124,12,1,-0.08696364847164428
292,18,12,2,3.8379149982630896
293,87,0,4,-5.367138961205177
294,49,8,4,-4.992705351547578
295,53,13,3,-1.3688047285429572
296,53,6,3,-6.837341957620005
297,6,24,1,-0.4263595709408623
298,76,2,0,-1.8789149451149647
299,49,17,4,2.9731445130311047
300,172,2,2,2.6225856034874804
301,193,1,2,-2.1312314841864035
302,25,21,2,4.3870269648971885
303,98,21,2,-2.4620193109147377
304,48,12,3,-9.610873617073711
305,72,9,3,-0.2672459291751603
306,95,13,3,-3.4784444767668035
307,137,22,3,-10.57016330427363
308,30,19,3,-9.782612292067517
309,49,3,4,9.717045524973317
310,142,3,2,-4.182191141848304
311,37,5,2,-6.356787288364251
312,103,19,4,0.10250341318859135
313,80,8,0,-8.447499601828993
314,177,8,3,-16.664720367865208
315,56,17,2,1.2274833384978305
316,114,21,1,-3.077990923070804
317,126,16,2,-7.312645724077839
318,180,19,2,-9.325523400543483
319,110,2,3,-0.6823220668703923
320,101,17,1,1.4652201778175948
321,155,16,1,-4.591801419580597
322,102,24,1,-1.2257573053552773
323,29,2,1,-7.3866399491852786
324,127,6,4,0.47234726691822226
325,105,0,3,-11.889043695475904
326,66,7,1,0.911956247409089
327,193,11,2,-1.5784071620959859
328,167,9,4,7.08183809387316
329,37,13,2,1.1816975927860476
330,36,10,3,-3.9583147534187164
331,130,12,0,2.629322911068936
332,42,21,4,-0.46528726603447024
333,159,7,0,-12.049400534170294
334,122,18,0,-6.285661824949319
335,20,11,4,-2.160238671377151
336,44,17,3,1.9701464464264897
337,38,12,2,-1.9113963091295898
338,9,14,0,-6.097374647133973
339,7,19,4,-4.73249634224042
340,32,6,1,-6.926159630681772
341,14,21,3,7.088537528630894
342,58,14,2,-4.37620112140916
343,43,21,3,1.0566912896220737
344,43,1,3,-3.7661730844655628
345,74,12,2,-3.965549140208689
346,84,4,4,8.288324969013644
347,5,22,2,-9.552360146823826
348,80,17,0,6.5049473758787
349,191,23,1,-1.2028233479221808
350,173,1,1,4.436473593191242
351,168,4,4,3.4708674910655812
352,189,4,3,0.5382046870638106
353,94,23,0,-6.549022960454347
354,88,22,0,-0.6154961472500595
355,129,3,1,0.6520746784995577
356,62,9,2,-1.6976932524237345
357,4,21,4,-0.10758662775745331
358,5,23,2,-1.5410817344541452
359,177,18,3,-6.775849164066246
360,191,12,1,0.5282178959102639
361,87,5,4,-0.26334633080576464
362,169,19,0,-1.2129094674242982
363,14,18,3,-4.463209054113388
364,179,15,1,-1.1228734603175352
365,27,14,4,-1.2624376340852232
366,168,5,4,-3.5649681411833267
367,28,8,1,-8.854078539397811
368,35,15,3,3.136673885132759
369,52,23,2,-3.486742267666263
370,68,10,2,3.605033067406306
371,9,4,0,-0.7282921447541435
372,8,7,3,-4.315818522972149
373,63,11,1,-3.109780598702975
374,157,11,2,-3.640508263711201
375,179,7,1,-3.5242721217479773
376,17,21,1,-8.059732590685128
377,55,15,4,5.120871742795476
378,150,24,0,-0.6964249292607061
379,103,8,4,-3.6396757587337722
380,25,12,2,-3.124238464890458
381,71,8,3,-17.353572526658745
382,23,1,3,4.285466359762268
383,153,2,0,-2.0237907707845837
384,80,6,0,-4.123909733121167
385,128,4,2,-3.331229698029874
386,178,5,3,-7.042922208364404
387,23,14,3,-6.174009365551363
388,133,18,4,-1.2876598062347022
389,26,17,2,-1.3649603833449684
390,52,10,2,-5.342751781106838
391,47,13,2,-9.334548494716628
392,62,18,2,-2.6893176255810083
393,194,3,4,9.060259506977403
394,112,0,4,-7.398906652507461
395,73,4,2,-5.1265897203689015
396,29,5,1,-7.47707710232093
397,179,19,1,-0.6033027270775477
398,169,19,0,-2.4793959832373993
399,138,2,2,-7.435400890118519
400,171,22,0,-4.358350208214233
401,59,22,0,-4.119927262869
402,22,6,2,-11.778190466962545
403,197,20,1,-4.163540743214655
404,31,10,1,4.643735282946313
405,105,20,3,-12.708887563366375
406,190,4,3,2.164529318922941
407,158,1,4,2.2024989104417676
408,0,18,3,-5.680889427711147
409,142,1,2,-1.2927134468333858
410,127,5,4,-0.3913462099110438
411,83,4,2,-3.9938011910976767
412,174,6,0,-2.9871361296020438
413,131,18,3,-9.389998241273084
414,80,16,0,0.5822838219600437
415,139,6,0,-3.3302085668397337
416,137,15,3,-1.5617694061365794
417,13,11,3,-9.97816029240622
418,95,23,3,-6.210994724212771
419,6,4,1,0.9057710323260242
420,108,23,2,-8.109180672934487
421,0,2,3,0.33355063655098904
422,36,24,3,1.226286168731059
423,60,8,1,-6.500618599077165
424,26,15,2,-1.0494206404232296
425,181,1,1,-2.195130267288617
426,112,0,4,-8.698779082166054
427,182,20,2,-10.069021634441157
428,37,17,2,1.8224008789032238
429,33,11,0,-8.587776460907088
430,193,2,2,1.72867655034725
431,78,5,1,-12.32126501535773
432,122,7,0,-12.684587275298023
433,15,24,1,-3.780989144696302
434,111,19,4,-6.668782304106197
435,46,24,1,-4.178035469830989
436,156,21,1,-5.174682549954298
437,196,23,4,-2.4875204140034404
438,81,15,0,-1.1523951880419379
439,158,11,4,2.0045933740706694
440,96,22,4,-9.649329369393126
441,179,11,1,-4.211200662682585
442,21,0,2,-4.667747541994415
443,29,13,1,-7.372036804977062
444,54,7,1,-5.034426318172494
445,142,15,2,-2.5787147818900964
446,65,21,4,-4.608725850237499
447,119,16,2,-9.829689634181076
448,157,20,2,-5.883972773519719
449,169,18,0,4.170435021671496
450,133,2,4,-3.0844547397776583
451,78,7,1,-7.822765217309585
452,113,18,3,-2.9203290654568486
453,193,19,2,-9.03516014601046
454,91,2,1,-4.115405904365632
455,149,7,4,-4.074755823563772
456,116,9,1,-3.4664674791325893
457,187,7,1,-3.214631577117512
458,110,8,3,-14.976990674580032
459,138,4,2,-15.484629929618267
460,144,21,1,-6.111100818686955
461,157,8,2,-10.915108736838937
462,23,14,3,-5.626163571235842
463,16,19,3,-10.882924165647792
464,164,0,0,-6.861616676927717
465,115,15,0,-6.593678403155169
466,89,22,2,-6.610790700297305
467,49,0,4,-4.93394517446282
468,56,16,2,-9.195631806055035
469,22,4,2,-9.473568520225063
470,44,9,3,-2.784901827145413
471,31,10,1,7.399882670315116
472,11,11,0,-7.440010010198449
473,172,23,2,-1.8597048665140923
474,101,23,1,-4.438151837031983
475,170,10,1,3.8137223422135715
476,126,13,2,-7.942646140385358
477,124,12,1,-6.494598175357757
478,100,15,3,0.9679962526609478
479,144,21,1,-2.64386615723694
480,45,22,2,-8.035949398436712
481,96,15,4,-1.362936780249271
482,87,17,4,0.03623500889045861
483,108,9,2,-3.047368620389676
484,44,1,3,2.249259001909817
485,56,22,2,-14.267826911519553
486,84,15,4,4.441824625822731
487,20,22,4,-3.916306955450313
488,57,8,2,-8.563347990829863
489,64,14,0,-7.263493866970743
490,12,14,3,-3.9323710419804767
491,80,24,0,-0.20491219219429435
492,77,15,3,1.0568372046692862
493,111,23,4,1.641642063793118
494,154,24,4,0.5549380889822453
495,54,7,1,-3.2624395400093653
496,119,11,2,-11.725801636616758
497,61,11,1,-2.1341813856941645
498,128,19,2,-6.541254850779392
499,26,13,2,-6.1420426907553
500,5,23,2,-5.365896856570092
501,53,12,3,-7.787582060786382
502,66,1,1,5.790589515443102
503,143,19,2,-6.491124897212245
504,195,10,3,-11.254568319346639
505,48,24,3,-2.359462590349092
506,113,6,3,-5.823897582241079
507,60,21,1,0.47587003390726923
508,140,1,1,-1.646275721056206
509,167,19,4,-1.919852484679562
510,77,10,3,-2.4733818659718296
511,68,9,2,5.602820599027477
512,124,23,1,-1.2672586982474487
513,142,3,2,1.1149370161885823
514,136,16,3,-8.895880805401928
515,13,1,3,-2.7660907385787774
516,132,22,4,-6.61155095009539
517,165,24,3,-1.5840912650823757
518,134,23,0,-5.318733448677418
519,45,12,2,-2.7662128094703613
520,101,8,1,-3.462336419799126
521,77,3,3,3.9182349327173895
522,159,8,0,-16.833822357385937
523,133,16,4,3.399274829807072
524,140,22,1,-0.06647324279134104
525,186,14,2,-4.504712550814591
526,115,16,0,-5.784658909226878
527,176,3,2,-3.8859517246260684
528,178,15,3,2.5566452929767856
529,144,4,1,0.6616844982297656
530,135,3,1,5.303047795626572
531,10,19,4,-2.2739009150523994
532,113,21,3,2.953419103538533
533,167,14,4,-6.7884507303188375
534,177,17,3,5.368513553672111
535,92,16,4,9.819660070956987
536,52,11,2,-10.692919086336376
537,172,10,2,-0.034830665856102505
538,131,5,3,-11.531644682458522
539,173,2,1,-2.675562044926806
540,0,17,3,-2.1361420171543157
541,24,17,0,2.7930103128941313
542,159,5,0,-7.831416360151839
543,117,3,3,-3.739070607099242
544,120,1,0,6.099837945192374
545,170,17,1,-0.6724569666430136
546,115,14,0,-10.147836336612205
547,21,4,2,-10.125357171925494
548,53,0,3,-11.314028507764824
549,10,22,4,-2.437569615005007
550,166,3,1,3.396449303785386
551,60,3,1,2.5806057576446433
552,29,12,1,-5.415925061792922
553,34,7,0,-12.717969933681221
554,103,9,4,9.13667180197254
555,91,12,1,-0.758298116291175
556,17,20,1,-7.650689989827223
557,141,16,3,-7.612589751742409
558,108,2,2,-3.3698330376896486
559,72,4,3,5.393334020211971
560,188,12,3,-6.471270670120577
561,179,21,1,-1.6450773197738136
562,197,4,1,5.0810379043255605
563,101,18,1,3.4522618977016464
564,14,16,3,-6.212188726609855
565,91,22,1,-2.1600310639605595
566,6,13,1,-0.5023304441733734
567,89,9,2,-3.854468860979102
568,194,15,4,-4.141751591654697
569,46,11,1,-3.805535726213786
570,107,11,2,-0.8788873472673551
571,81,8,0,-14.68990649767373
572,88,11,0,-10.09127419629332
573,70,3,1,-2.935642576246279
574,78,23,1,-10.265565981820377
575,51,17,0,2.087052553854802
576,186,19,2,-7.665938927307294
577,21,1,2,0.3882250742261253
578,167,15,4,-1.0669999121957037
579,111,2,4,-2.6909112708597798
580,36,6,3,-9.943276170397464
581,147,17,1,-2.261379517616915
582,66,3,1,0.7891260201909698
583,133,16,4,4.496435742409052
584,119,15,2,-2.5735994890844243
585,168,2,4,-3.3330164882498203
586,22,24,2,0.6442568618724129
587,105,19,3,-11.53306200728547
588,81,2,0,-6.567129241836605
589,46,13,1,-5.562063775541503
590,135,13,1,0.5966823882863235
591,87,8,4,-1.3943219304910968
592,54,13,1,1.0565872647725971
593,29,21,1,-5.192319218626373
594,36,6,3,-10.528129998727852
595,97,7,4,-0.9692593009484529
596,13,19,3,-8.661600601405585
597,6,9,1,0.3455454267859376
598,101,20,1,-2.6550244052201517
599,93,13,4,-5.131789306844809
600,34,22,0,-0.2552433013363951
601,124,16,1,-10.896115611425488
602,33,23,0,-4.609977326451649
603,128,24,2,6.998249197752617
604,40,9,1,-0.7114447062436164
605,164,1,0,-0.883772962923318
606,29,10,1,4.324796372119814
607,154,12,4,-1.0931149361872865
608,54,11,1,-2.3884996354630665
609,107,14,2,-6.902168536545332
610,178,2,3,-0.22251722936640483
611,150,8,0,-9.779583190205852
612,23,8,3,-17.021963669165256
613,66,4,1,3.082783354870906
614,182,6,2,-7.995905605588751
615,52,20,2,-13.106164123269693
616,4,18,4,4.0334584196985785
617,67,9,0,-9.768068935815485
618,182,18,2,2.438758206729058
619,85,13,2,-4.419363936325375
620,159,8,0,-13.1970300600392
621,141,23,3,-7.235598175537949
622,38,17,2,-1.5268456352029498
623,98,20,2,-6.815614641702441
624,47,6,2,-11.0579451886742
625,32,17,1,-0.019425678225823417
626,145,13,2,-5.4918145710394
627,112,24,4,1.8343225686921167
628,146,18,0,-4.45387113794615
629,61,0,1,-3.309588516716204
630,58,23,2,-6.333997685573083
631,140,20,1,-1.3887679314090446
632,187,3,1,2.2311817572425463
633,36,8,3,-13.68714641966765
634,40,17,1,-1.45409235226033
635,136,18,3,-9.346914353420411
636,111,21,4,0.07772134758447291
637,110,21,3,3.0901145213106807
638,197,3,1,-3.265792907865381
639,97,2,4,-2.7087431358991183
640,191,0,1,-1.9811304764749047
641,156,5,1,-3.320551118455257
642,142,9,2,-4.950137496437643
643,16,21,3,-0.9479251177984893
644,61,0,1,-5.581535658459599
645,176,23,2,-9.870118730311075
646,22,16,2,-10.743928370460173
647,172,21,2,-1.2782118799285231
648,86,22,0,-1.1893627198638992
649,10,5,4,-0.05569736136563863
650,81,3,0,-0.2910208799062809
651,49,7,4,-3.167223410800818
652,12,3,3,1.1303432917749119
653,87,21,4,0.1302634696177558
654,149,12,4,-1.2173349949033478
655,38,4,2,-7.284567758340126
656,66,3,1,1.6806630423380349
657,194,15,4,0.5934843935665426
658,189,20,3,-10.868709238127199
659,156,16,1,-5.210033999845485
660,23,0,3,-7.822908941571869
661,176,19,2,-13.883323637017746
662,121,16,3,-10.268749648309733
663,83,24,2,2.491339871342386
664,54,19,1,0.16581097656850924
665,41,20,0,-3.8222276443594483
666,105,19,3,-8.233446501690056
667,95,6,3,-8.47833367591594
668,188,8,3,-11.228705499425955
669,48,17,3,-6.547882072802693
670,69,20,3,-8.800040638887264
671,46,20,1,-9.287526635463346
672,125,16,4,-3.395210308677802
673,197,17,1,1.9950919067196407
674,59,20,0,-5.93205259215422
675,82,22,4,2.6252242505891443
676,60,6,1,-6.779762868177403
677,150,0,0,-5.162637746856872
678,32,14,1,-6.188184193335212
679,125,24,4,2.381126764812656
680,118,14,4,-3.602779785888916
681,147,5,1,-3.1413622790455995
682,126,4,2,-5.178629906093902
683,140,16,1,-4.612193271071478
684,32,15,1,-2.043156271659823
685,128,13,2,2.438812663742372
686,133,22,4,-6.412016484263406
687,22,18,2,-3.8201272267881246
688,148,4,2,-8.44434405869414
689,148,18,2,-4.707539025220652
690,54,9,1,2.854555568877025
691,160,6,3,-6.112896163060825
692,169,7,0,-7.143689753652366
693,64,11,0,-1.624906611279914
694,112,5,4,-2.740993293534784
695,50,20,0,-2.1568078814684646
696,50,14,0,-7.788314553690977
697,188,5,3,-5.598626643119934
698,196,16,4,-2.56027397076401
699,57,20,2,-1.6017821823382272
700,139,7,0,-13.357871089404462
701,62,7,2,-11.8096836802453
702,160,18,3,-6.48324278497128
703,22,22,2,-12.75326868471152
704,4,15,4,-2.583412721810155
705,55,20,4,0.6901592644000464
706,105,16,3,-7.897881042102273
707,37,10,2,-1.0852535033690853
708,197,24,1,1.8595027263978616
709,67,2,0,-7.825180149713825
710,180,15,2,-1.7002410308625
711,24,20,0,-4.95316796325313
712,182,12,2,-11.238261360386847
713,40,16,1,-7.841348462973529
714,190,10,3,-4.838015938548805
715,48,11,3,-13.316160276735241
716,84,23,4,4.60540206193271
717,125,17,4,0.4023848128764526
718,195,2,3,-1.8581151376920308
719,199,23,3,-5.910670863883236
720,20,10,4,0.09718992359224399
721,120,0,0,-5.355355671962497
722,118,18,4,1.0880707313804496
723,30,15,3,0.3711504220929022
724,145,15,2,-1.0492181083861223
725,98,10,2,-1.9424266759361908
726,197,10,1,5.963187709244023
727,79,16,3,-12.886422346792717
728,67,5,0,-4.358640579734034
729,179,19,1,6.1401925309887915
730,85,6,2,-6.3782116266982785
731,171,24,0,-4.281795255189694
732,147,18,1,3.650487673264058
733,198,12,0,-4.258966751002142
734,62,15,2,-3.358937407983361
735,119,13,2,-2.883403851043898
736,118,12,4,2.182349361627923
737,185,18,1,-1.552123306874453
738,43,23,3,-8.676038668583073
739,135,21,1,-2.885938570741434
740,1,0,1,-8.328413802872955
741,37,13,2,-5.349469550016169
742,54,0,1,-1.4422483943135989
743,21,12,2,-6.95483966288883
744,122,1,0,-3.2314355799777292
745,1,15,1,-1.0240222576161164
746,199,13,3,-3.3536669884631776
747,98,14,2,-0.10733891370363224
748,177,4,3,1.7537306451350485
749,79,4,3,4.078226098320581
750,145,8,2,-11.928479685352407
751,131,10,3,-11.539493476917915
752,78,23,1,-7.490672262079871
753,105,17,3,0.3794702850101954
754,144,1,1,-0.8522795401441319
755,169,24,0,-2.863859971771018
756,25,4,2,-0.9906831502361684
757,116,5,1,-4.233289333863939
758,179,22,1,-2.820037637414878
759,51,5,0,-7.58668311770683
760,11,15,0,-4.937713753454145
761,190,10,3,-8.044753766710944
762,46,0,1,-4.368392010286569
763,177,6,3,-5.817288752937515
764,28,23,1,0.21084005032343223
765,149,23,4,-2.4387187564792154
766,78,2,1,-8.374468184410691
767,96,11,4,-1.322589009557155
768,42,19,4,-5.4192515258259055
769,44,21,3,2.5599715723262446
770,169,20,0,-5.65534546074767
771,100,12,3,-10.745426460514512
772,128,16,2,-7.288530766334194
773,105,18,3,-8.722759694593966
774,71,24,3,-2.26325526471243
775,26,12,2,-0.2631503403425164
776,82,11,4,3.1997683986950487
777,34,10,0,-0.3215443792702435
778,108,10,2,-1.5658785814464695
779,170,5,1,-3.566064368367451
780,43,1,3,-0.0851289151100949
781,113,20,3,-7.071044705102194
782,157,19,2,-6.508476883289263
783,5,14,2,-6.581236773081329
784,99,0,3,-9.51518625541054
785,190,16,3,-13.846879445922145
786,30,2,3,-0.4066118278041062
787,147,7,1,-2.4886870531555783
788,100,23,3,-10.700138603475004
789,172,4,2,-6.352029700486478
790,59,23,0,-8.81909159883365
791,152,2,3,2.45731233336115
792,96,10,4,-2.4779344061459465
793,124,20,1,-4.634640076489234
794,47,12,2,-3.7915376839883095
795,119,2,2,-0.5648336744601243
796,176,11,2,-4.361319335293378
797,161,14,0,-10.332374159704711
798,129,24,1,-3.1369697997414434
799,25,5,2,-1.2424584174096363
800,133,19,4,-0.12484028759002275
801,82,18,4,2.0415124600761416
802,124,15,1,-3.700637678839749
803,129,1,1,2.6339957515640466
804,162,5,3,-9.053359025947357
805,19,8,1,-6.316770765991018
806,93,20,4,-1.5193856769755878
807,182,19,2,-10.21647929326874
808,33,18,0,-3.9879377059489505
809,81,11,0,-8.08216949332018
810,189,24,3,-0.3318560033946145
811,136,21,3,2.701972003866626
812,159,15,0,-2.297195945978354
813,158,10,4,8.455832366865954
814,1,3,1,-3.86624123602033
815,143,13,2,-5.723059231815391
816,117,18,3,-3.669787415861218
817,169,2,0,-4.73985209138375
818,124,23,1,-5.980565565975175
819,56,20,2,-8.899574816671652
820,103,7,4,0.4414745918503553
821,96,1,4,1.9211790253513081
822,73,16,2,-8.39352869999938
823,160,24,3,2.8059931070828616
824,42,11,4,-0.1009270766559841
825,38,2,2,-6.104782373318581
826,65,20,4,-4.176970229611856
827,40,20,1,-6.222850982770981
828,115,1,0,-2.3158473389249115
829,76,19,0,-4.139055502304292
830,3,6,3,-10.542077893954742
831,144,20,1,-6.785220580128573
832,14,20,3,-7.941361997443845
833,118,14,4,-2.9026527469693395
834,138,5,2,-8.503861981320597
835,24,22,0,-1.287921809270271
836,60,21,1,0.27885192080325283
837,58,5,2,-6.1923153454354125
838,82,18,4,5.762395931692426
839,30,1,3,1.1025923605642542
840,44,0,3,-8.902352870589151
841,116,21,1,-3.0053537421138623
842,78,24,1,-5.3503659880662315
843,121,22,3,-8.998707901248746
844,41,15,0,0.4486197412785895
845,20,17,4,4.323434154610576
846,179,18,1,1.4864876275356937
847,168,14,4,-3.7571055028672853
848,136,15,3,1.2923965727784477
849,128,4,2,-5.826810237236255
850,91,6,1,-11.25997692248391
851,189,7,3,-9.856851198276974
852,167,14,4,-0.9418121507031598
853,137,20,3,-15.915136499964422
854,79,16,3,-9.365702455346694
855,76,14,0,-7.6855512710836615
856,175,11,0,-11.381089026474376
857,173,17,1,0.5409542485982306
858,116,7,1,-5.758537887352643
859,35,24,3,0.9753550192146434
860,47,0,2,-5.233779601383051
861,191,12,1,-3.5173662233365275
862,39,16,3,-2.0426825197051306
863,165,7,3,-8.22627913547953
864,40,11,1,-7.016211501905558
865,77,6,3,-10.439443262284826
866,189,5,3,-9.9565854953603
867,105,5,3,-6.1100619283351065
868,174,3,0,-2.567603102439609
869,106,1,1,5.367326372759507
870,24,10,0,-0.3926022137029596
871,5,22,2,-12.177999896454006
872,129,22,1,-5.407646357120415
873,196,23,4,-2.2785419938829383
874,171,19,0,-7.161224398672379
875,98,22,2,-11.257815991661046
876,49,24,4,0.9411174772640201
877,100,6,3,-11.402806438508657
878,180,23,2,-3.4765668676610346
879,68,17,2,3.8074015630411333
880,96,16,4,2.7727574426075896
881,91,11,1,-3.6037411693286123
882,7,10,4,3.70407806151188
883,24,7,0,-10.65469874703606
884,126,16,2,-8.197944052300283
885,2,8,4,-4.262449985889255
886,59,23,0,-6.959979431623652
887,62,10,2,-2.886625778822033
888,74,8,2,-9.335666375906673
889,43,10,3,-2.9052029591016435
890,60,4,1,6.076120754014111
891,53,23,3,-6.509235076441039
892,98,10,2,-1.578205614724757
893,73,5,2,-4.8873552414684625
894,155,13,1,0.46496692532169753
895,51,19,0,-6.130449852254395
896,158,9,4,10.605176311846808
897,53,17,3,-4.431979339764069
898,135,12,1,-4.551194125583362
899,118,0,4,-7.827713941720173
900,158,21,4,0.4439831224111308
901,88,0,0,-9.600120198123086
902,91,12,1,0.4525665509982715
903,175,23,0,-9.49272334914827
904,128,14,2,5.790525030978147
905,95,15,3,3.914274724150551
906,111,9,4,2.7625683513635737
907,13,11,3,-10.048337014198284
908,36,14,3,-1.8617914674736493
909,132,11,4,0.8857817378679358
910,196,5,4,-4.848272152672548
911,8,2,3,-1.320615398761616
912,52,8,2,-10.64366193248277
913,189,10,3,-9.072038240561536
914,138,23,2,-13.40598393790592
915,24,22,0,-1.6576137807847975
916,67,20,0,-10.397859568483955
917,188,21,3,1.4452231417962031
918,133,9,4,5.728255066834954
919,159,0,0,-9.953197044266881
920,26,23,2,-0.5433250906079845
921,91,7,1,-3.0121713136111
922,28,4,1,6.925003351640138
923,133,18,4,1.636923555395517
924,69,24,3,1.464579115641086
925,147,19,1,-3.252635696370325
926,171,13,0,-4.801980091516938
927,9,8,0,-10.125756993046119
928,85,22,2,-7.307188345497281
929,143,16,2,-9.445588271218334
930,152,17,3,0.21036300776815386
931,111,10,4,-0.3444814582993282
932,85,3,2,-4.433982325454502
933,11,6,0,-5.1349525129433715
934,129,12,1,-3.5389516619976984
935,5,11,2,-6.928890422519142
936,133,12,4,-2.856986180152499
937,171,18,0,-2.6038433026140013
938,57,19,2,-9.444410701808795
939,124,12,1,-4.0741790794533985
940,129,14,1,-9.610327696294577
941,85,9,2,0.9978845989341574
942,77,13,3,-5.5266675285840225
943,11,11,0,-12.008399995200067
944,82,1,4,-1.5632226165661378
945,184,12,2,-7.368159588759832
946,58,23,2,-5.4637024463325226
947,193,18,2,8.335155654024707
948,106,15,1,-2.169380447590541
949,1,24,1,-3.8444961566345874
950,195,8,3,-14.050441424878306
951,104,6,1,-9.768741367050218
952,45,19,2,-5.7475828491969505
953,20,16,4,5.022171304448484
954,124,16,1,-8.341973349901801
955,58,13,2,-7.559160711514017
956,191,17,1,-3.1181380082411354
957,159,20,0,-6.980884231756116
958,64,0,0,-4.57717541295557
959,0,9,3,-0.662657755304658
960,57,13,2,-7.928629035127514
961,25,23,2,3.998357387786147
962,148,24,2,-0.9203614336542245
963,22,17,2,-6.498794421919495
964,16,11,3,-17.398092015010665
965,108,0,2,-2.7764039278239014
966,64,10,0,-6.832909777743084
967,67,0,0,-3.3170788974656484
968,8,16,3,-8.216280203953861
969,153,11,0,-10.31863650751568
970,41,23,0,-2.043690786977563
971,14,11,3,-10.504414345956205
972,181,11,1,-1.2205626369457487
973,124,23,1,-5.79517458663994
974,100,17,3,-4.442659677079069
975,44,8,3,-11.705637953386804
976,156,24,1,-1.4549723708939133
977,38,13,2,-5.821205979924724
978,45,22,2,-5.045226964439513
979,114,13,1,-3.9446509556845593
980,49,0,4,-3.7197428967790866
981,176,18,2,-5.568180385511395
982,80,18,0,2.0229544254709357
983,58,23,2,-3.1160741178203266
984,148,8,2,-11.42850955398269
985,62,11,2,-5.0699275040444585
986,194,1,4,0.7320501098741161
987,105,4,3,2.5442326394205823
988,142,16,2,-4.770750025206263
989,156,3,1,2.3254564675394374
990,146,4,0,3.0284207496683884
991,75,5,0,-5.030593591255981
992,120,19,0,-3.1908130533532226
993,125,12,4,2.5340819431871493
994,87,12,4,-0.6484922784390759
995,149,20,4,-2.8585962463782297
996,0,7,3,-4.233805010022614
997,31,14,1,-6.774082422688663
998,151,0,0,-7.578362841639084
999,5,10,2,-3.167826459191053
1000,195,6,3,-9.549651252295014
1001,122,8,0,-13.856987985186237
1002,91,9,1,1.352445468173085
1003,67,6,0,-5.463447187521846
1004,10,12,4,4.723707760516174
1005,101,16,1,-7.890149211682014
1006,139,17,0,2.844088729952648
1007,134,23,0,-2.910260334682494
1008,99,21,3,-0.9869239279267159
1009,135,23,1,1.6869184710056169
1010,24,22,0,-2.7535280076016777
1011,62,3,2,-0.9565376308702713
1012,130,12,0,4.172280646621899
1013,154,19,4,-6.448131455859096
1014,46,5,1,-5.215119113948701
1015,77,4,3,3.2021243572170426
1016,92,4,4,8.788780119865374
1017,48,10,3,-9.693934494609882
1018,198,15,0,-3.850218906878566
1019,40,20,1,-7.6375386658983935
1020,170,1,1,3.1140673846688305
1021,72,9,3,-1.9436332010218549
1022,191,12,1,-3.459866484358143
1023,74,6,2,-10.374523989723862
1024,143,15,2,-6.510085134694865
1025,176,17,2,-5.605348558689919
1026,24,15,0,0.8817931827840659
1027,137,18,3,-7.462346947698086
1028,114,11,1,-8.280545163804454
1029,9,8,0,-12.55541936427347
1030,22,9,2,-5.470683335158932
1031,180,2,2,-4.4941870578403105
1032,38,16,2,-11.73745411501144
1033,48,9,3,-9.802928965579582
1034,137,15,3,2.3794719872992967
1035,142,24,2,-2.248906850048906
1036,141,4,3,8.229798989816487
1037,115,3,0,-6.307952696075015
1038,67,1,0,1.8789885425839903
1039,95,17,3,1.123618337556895
1040,65,8,4,-8.552385254834636
1041,125,9,4,1.3002229829441552
1042,141,18,3,-8.696623577850723
1043,181,13,1,-6.072321547817356
1044,197,6,1,-8.056139101264145
1045,26,22,2,-6.801824104342012
1046,142,15,2,-2.0538301694697485
1047,94,16,0,-2.763229537726316
1048,144,5,1,-16.468711408764634
1049,120,19,0,-3.3865599284812964
1050,22,13,2,-8.98885147455241
1051,162,18,3,-7.66539304184341
1052,9,9,0,-3.498785468274654
1053,40,16,1,-8.462956859507711
1054,170,19,1,-0.4464122109520321
1055,24,8,0,-15.080516222644565
1056,13,20,3,-8.261722747441297
1057,70,14,1,-13.893250305203772
1058,11,10,0,-3.9962112661390243
1059,77,2,3,1.2709081074370667
1060,28,14,1,-4.396435989157524
1061,61,15,1,-4.0764054122477456
1062,197,2,1,-2.622946997844453
1063,150,2,0,-1.5295029695253788
1064,103,23,4,0.9911102656279861
1065,38,4,2,-6.024780717834803
1066,64,8,0,-11.28731645072061
1067,155,11,1,-1.2679356504504566
1068,131,15,3,-2.1277752323770778
1069,132,1,4,-1.9746052619056
1070,104,8,1,-5.420216163187019
1071,156,15,1,-0.4796733324536211
1072,79,5,3,-7.192715265198207
1073,80,12,0,3.196845407174277
1074,149,2,4,-0.691120564166801
1075,162,12,3,-8.719217243481767
1076,82,6,4,-2.353213855318338
1077,135,3,1,5.444133351401213
1078,153,23,0,-1.8122738595610275
1079,3,18,3,-2.6954135257804595
1080,21,4,2,-6.16932735460604
1081,9,17,0,2.7040245825085902
1082,193,22,2,-8.080767593214542
1083,33,20,0,-6.586093833891826
1084,159,14,0,-12.104313310401853
1085,158,17,4,5.904362954388842
1086,113,4,3,9.303168320367856
1087,191,4,1,4.751103456794741
1088,20,2,4,-2.8433192101011384
1089,76,20,0,-8.571625881202639
1090,45,5,2,-4.865315181154863
1091,108,12,2,-4.010600433017164
1092,85,11,2,-6.482216170343882
1093,109,20,0,-7.5715372775419505
1094,123,11,3,-10.077052346010246
1095,122,12,0,-5.9291072793628805
1096,194,20,4,-5.913569000852685
1097,14,22,3,-0.5415988168957844
1098,26,20,2,-4.211189339282497
1099,103,2,4,1.3054449322317643
1100,171,0,0,-6.212734961110934
1101,172,5,2,-9.243630870173456
1102,166,18,1,2.509905858501541
1103,10,11,4,2.1055458415941413
1104,198,5,0,-8.988133162722876
1105,192,21,3,3.0918528689294607
1106,22,2,2,-3.7671445604981817
1107,60,7,1,1.2078484102802123
1108,184,23,2,-4.526496394651753
1109,151,9,0,-3.7855011312567126
1110,30,11,3,-12.229512404767556
1111,10,15,4,5.880007352266231
1112,11,2,0,-6.237060141521368
1113,173,6,1,-8.048976830036464
1114,12,21,3,0.5441873572211695
1115,46,20,1,-5.899574794624515
1116,133,3,4,8.82824451300183
1117,56,6,2,-10.787475722792209
1118,33,11,0,-6.470810087226216
1119,61,0,1,-3.761177209240045
1120,198,24,0,-5.7936695743782884
1121,40,12,1,-4.935377170733193
1122,107,24,2,5.930596612157029
1123,40,10,1,4.1827299728439025
1124,177,13,3,-3.235412761503226
1125,96,19,4,-10.189072720069017
1126,123,24,3,-0.03578656293214855
1127,179,20,1,-2.6492010940925197
1128,176,23,2,-5.594845520818376
1129,177,2,3,-3.0456716516675892
1130,49,17,4,1.503036235309556
1131,168,16,4,-2.2808990707696184
1132,36,3,3,2.877399907232701
1133,92,3,4,13.544655470079991
1134,160,15,3,2.538216581450717
1135,120,9,0,1.0515939990000844
1136,177,13,3,-3.354649587943849
1137,170,5,1,-5.175736290527097
1138,99,1,3,1.279450657889009
1139,168,20,4,-0.9340580542009498
1140,192,13,3,-3.8117592178903816
1141,197,12,1,4.594114850331211
1142,198,7,0,-9.702421849162892
1143,178,18,3,-6.999441917105333
1144,50,9,0,-2.695680506145438
1145,28,12,1,6.297431462135601
1146,145,19,2,-10.249414111057678
1147,150,16,0,-0.8864148513832484
1148,159,19,0,-9.241624634635132
1149,111,22,4,-5.275296581488533
1150,81,0,0,-6.136697739446706
1151,175,5,0,-2.108075264449224
1152,79,8,3,-15.813807415896358
1153,162,24,3,-0.9431320852673599
1154,132,20,4,-3.9234108271949393
1155,195,5,3,-13.189483068354118
1156,149,9,4,1.4879771612702828
1157,96,16,4,2.8218185332470176
1158,49,23,4,-2.818902520045604
1159,6,15,1,-1.6030631082998208
1160,65,16,4,5.94502993611259
1161,63,13,1,-2.1142832119623205
1162,187,14,1,-6.362208873973701
1163,102,4,1,-0.4500282162016117
1164,67,10,0,-2.8498760622418344
1165,14,17,3,-1.574341010343199
1166,69,19,3,-2.39731502573929
1167,173,7,1,-2.6751209897047743
1168,71,14,3,-6.0791164325360185
1169,33,4,0,1.2764094792858363
1170,70,12,1,-7.282029467600192
1171,63,11,1,-5.983090805333013
1172,150,11,0,-6.564387700741788
1173,127,9,4,8.042249031633865
1174,159,18,0,-4.637286118571718
1175,36,14,3,-9.488820104731877
1176,92,9,4,6.122633101900522
1177,183,8,3,-13.96385016585368
1178,180,5,2,-10.221751309974648
1179,99,5,3,-7.006443952042289
1180,43,5,3,-4.537571487748612
1181,136,18,3,-10.289898005840904
1182,75,12,0,-1.2466001796270272
1183,15,24,1,0.5044556849049336
1184,122,16,0,-6.616395853340215
1185,105,16,3,-9.57787476190049
1186,153,15,0,-3.0330501216849024
1187,168,4,4,4.921810454459799
1188,128,5,2,-7.167853111119834
1189,158,7,4,0.33577578375801465
1190,6,18,1,0.7387676807793795
1191,95,20,3,-6.859505186014278
1192,29,5,1,-6.574495737747085
1193,55,18,4,2.9378313454444367
1194,168,14,4,-3.418806693232834
1195,68,11,2,2.9795203517811037
1196,80,4,0,-1.983393388558918
1197,51,21,0,0.2759426583345539
1198,115,23,0,-5.616903683949573
1199,116,24,1,-4.331053111377198
1200,9,3,0,0.2747656759469431
1201,21,2,2,-4.813053084220927
1202,107,22,2,-12.682520272096685
1203,148,15,2,1.5022851110841193
1204,113,4,3,5.023163474440735
1205,40,15,1,-1.1157197654158637
1206,50,10,0,-0.9225986002869702
1207,1,5,1,-6.6316781170602574
1208,112,3,4,7.235611304193716
1209,141,18,3,-1.5452379011398532
1210,179,18,1,5.751999641047316
1211,10,4,4,5.600219616821458
1212,46,2,1,-4.656729895321666
1213,93,10,4,2.05066329201028
1214,93,4,4,3.0204201727690645
1215,64,8,0,-10.329177778367827
1216,133,5,4,-2.2879204155533444
1217,188,15,3,6.28102874612169
1218,22,18,2,-2.7700082919836064
1219,118,8,4,-7.288715414428205
1220,40,4,1,2.0864663589355157
1221,145,20,2,-7.853568851223031
1222,148,0,2,-6.994871520738185
1223,77,9,3,-4.709060648619541
1224,116,18,1,2.202949069553311
1225,134,20,0,-6.504024963104083
1226,161,24,0,1.915145757248241
1227,40,15,1,0.7106960221918386
1228,27,17,4,3.3302897474772353
1229,94,19,0,-9.268451448297885
1230,193,15,2,0.00043942328610524495
1231,170,1,1,1.9392945268911062
1232,32,9,1,-1.1764020397691652
1233,158,6,4,-1.506764632412288
1234,123,14,3,-5.634325913363026
1235,165,17,3,-2.0336571776012042
1236,178,1,3,-3.5490426018479972
1237,48,18,3,-7.773357885794679
1238,30,10,3,-4.990335360415786
1239,141,17,3,-1.3579130879174741
1240,49,3,4,6.117568832874286
1241,191,2,1,-4.433319065343305
1242,110,6,3,-6.763403164434654
1243,108,6,2,-12.961965865296444
1244,171,21,0,3.7703747447115754
1245,106,5,1,-9.260372087506214
1246,43,22,3,-10.254139199936837
1247,75,11,0,-10.056218085236125
1248,123,11,3,-10.820599792775555
1249,96,19,4,-2.345445966527286
1250,123,6,3,-14.325435840653123
1251,176,8,2,-9.447997013671795
1252,107,18,2,2.0316113452772875
1253,146,3,0,-1.9038116070750588
1254,187,15,1,-1.7657050705296973
1255,43,11,3,-11.29295393057603
1256,65,3,4,9.232894846816542
1257,77,19,3,-7.424290949148906
1258,165,8,3,-14.045072826623095
1259,6,6,1,-10.278949039388316
1260,14,4,3,3.926668252092707
1261,183,24,3,1.557338431772749
1262,21,9,2,-0.9160995281856872
1263,120,8,0,-11.947539982571456
1264,61,19,1,2.412364147096451
1265,100,18,3,-6.256642071206345
1266,88,24,0,-6.594881720487381
1267,45,19,2,-1.3430827447262796
1268,176,22,2,-14.505278421629795
1269,139,17,0,6.121529636099723
1270,121,9,3,-3.9077838591992204
1271,119,4,2,-8.172102886666991
1272,126,6,2,-8.09474103047494
1273,122,23,0,-8.509454521150865
1274,45,3,2,-1.424331626382349
1275,10,1,4,3.4786691535246455
1276,17,11,1,-7.500666263288255
1277,188,23,3,-7.186544142521462
1278,95,19,3,-7.7494315490919465
1279,168,14,4,-1.868986033488624
1280,50,1,0,3.9292980353599356
1281,10,5,4,0.1757289218966862
1282,149,14,4,-4.533603242806082
1283,7,5,4,-1.4172812772758556
1284,57,20,2,-3.882334624401687
1285,122,1,0,-6.935506039715829
1286,182,10,2,-0.8002494424112001
1287,183,10,3,-5.8086814759072585
1288,79,19,3,-11.728516111390135
1289,39,9,3,3.057295974073657
1290,135,18,1,0.3286280235543466
1291,1,5,1,-5.723613894778373
1292,81,4,0,-0.9979765439723041
1293,60,16,1,-7.340884938908269
1294,38,15,2,-1.6983089040627832
1295,20,13,4,-2.0077105745324966
1296,168,17,4,5.5829012149890955
1297,181,16,1,-13.700246309106944
1298,43,4,3,3.9367901194901282
1299,7,21,4,-0.9843301078653675
1300,132,22,4,-5.5474750067174945
1301,134,11,0,-5.576466379238089
1302,44,7,3,-7.766104864129892
1303,122,16,0,0.20496760236615863
1304,24,21,0,4.008623936845521
1305,59,22,0,-5.54583441757501
1306,106,14,1,-10.548551447205899
1307,98,19,2,-9.194640774529761
1308,199,17,3,-2.0039034816621037
1309,119,9,2,-1.253546158318338
1310,13,9,3,-3.4776048340508856
1311,105,17,3,-3.8212579866988534
1312,69,21,3,4.524548537491269
1313,86,1,0,3.1802148870322373
1314,194,6,4,-3.6718113083040826
1315,180,12,2,-5.398647010887956
1316,21,7,2,-13.47026171333986
1317,86,6,0,-7.794764229089743
1318,61,9,1,-0.9668362393182454
1319,126,12,2,-5.662924401271067
1320,101,5,1,-9.026695781571846
1321,158,20,4,-1.7795824842019656
1322,97,20,4,-3.574613735101413
1323,198,10,0,-3.5367201799638144
1324,7,1,4,0.29131841324552316
1325,89,16,2,-8.093863199601383
1326,181,24,1,-7.49308365646312
1327,1,23,1,0.4335162781255604
1328,168,13,4,-3.7571790543536343
1329,32,24,1,7.3864506186674515
1330,29,17,1,-0.44894958978466304
1331,20,23,4,-4.322108549673266
1332,101,13,1,-4.969422326816984
1333,13,23,3,-8.170478467385895
1334,121,2,3,-4.448559326349453
1335,191,15,1,-2.464846740054244
1336,148,7,2,-12.232056057212857
1337,49,13,4,-0.7117904690205679
1338,182,23,2,-5.809829698321611
1339,152,4,3,11.391997183315205
1340,101,3,1,0.254619570060171
1341,112,11,4,-0.9446120615680765
1342,76,11,0,-7.196740491980819
1343,9,3,0,0.8649701639560324
1344,94,17,0,0.2581694301257513
1345,178,16,3,-7.159246934131951
1346,50,16,0,-0.7926162551330944
1347,166,5,1,1.717014446019233
1348,102,10,1,-1.7884092047414142
1349,160,20,3,-9.039269751449277
1350,186,8,2,-6.92384902974757
1351,144,9,1,-6.68742819633414
1352,16,17,3,-4.925897911228781
1353,115,20,0,-12.38778298124359
1354,50,15,0,1.6639148481477437
1355,77,2,3,0.14306264932957594
1356,3,19,3,-11.168841327294427
1357,116,8,1,-1.8020668237599269
1358,26,3,2,-2.665100647207009
1359,108,4,2,-9.597800473548977
1360,144,24,1,-1.973375683026091
1361,185,24,1,-1.7723235403265902
1362,172,19,2,-9.018730695276574
1363,107,3,2,-1.8251592813394726
1364,118,8,4,-1.7386663962580133
1365,152,14,3,-6.387624716762192
1366,100,2,3,-1.4160091645552237
1367,99,14,3,-6.322980041668288
1368,59,23,0,-3.08254040422757
1369,14,19,3,-3.278130250736976
1370,110,24,3,-3.9248197148117097
1371,122,0,0,-11.178579951819792
1372,141,5,3,-9.131813672596858
1373,149,22,4,-3.7067908584605553
1374,86,18,0,-3.6126094592727926
1375,51,0,0,-1.533928913274127
1376,59,9,0,-3.660939587034835
1377,26,6,2,-10.645247302371953
1378,174,7,0,-17.048404084653416
1379,89,11,2,-4.489005260945881
1380,96,17,4,-0.7041382358082039
1381,140,2,1,-1.4820377050722318
1382,186,9,2,4.569272679048765
1383,170,15,1,-2.2037873571554183
1384,150,22,0,-0.6010270273941
1385,95,4,3,5.639082042452636
1386,187,7,1,-3.948457032220285
1387,194,7,4,-7.821258132043532
1388,38,22,2,-8.71537376401586
1389,189,2,3,-1.9758467271110685
1390,16,9,3,-4.067678805864137
1391,91,0,1,-2.8316294225158156
1392,134,6,0,-3.9985538392855964
1393,46,0,1,-1.2204462532385465
1394,52,2,2,-4.296508547603333
1395,186,24,2,-0.37992458655860073
1396,149,18,4,-2.2689269746870178
1397,109,4,0,1.157961101639139
1398,171,7,0,-13.56511816237439
1399,86,14,0,-7.972122501230285
1400,161,2,0,-0.018224992953197905
1401,98,13,2,-6.247871811836697
1402,27,23,4,3.1647499294920163
1403,80,13,0,-2.836119059137105
1404,118,12,4,2.0467529519313774
1405,2,14,4,-6.186132832968159
1406,63,2,1,-1.8621841511666601
1407,107,1,2,-5.8543969946346515
1408,186,7,2,-9.670372314813532
1409,8,16,3,-9.244647317086034
1410,17,5,1,-8.927236919591518
1411,110,21,3,2.834136994634177
1412,50,20,0,-6.854195336530996
1413,147,23,1,1.3295564740455716
1414,124,11,1,-8.631163505563267
1415,34,12,0,-0.28916168075368454
1416,113,11,3,-9.286420272804316
1417,64,15,0,0.8137963987771792
1418,2,23,4,-3.520103594550543
1419,158,20,4,2.490480535420062
1420,157,9,2,3.596790740941663
1421,125,23,4,-3.862095603804841
1422,47,8,2,-11.187331790088592
1423,192,7,3,-2.059377698591426
1424,17,10,1,-2.3556643398909785
1425,88,4,0,-2.102375586691667
1426,162,12,3,-12.22058420290011
1427,2,20,4,-2.7523327585975688
1428,130,22,0,-0.8745255376802763
1429,10,24,4,2.7922433595028977
1430,29,15,1,-2.6941074223873214
1431,188,12,3,-7.778976285344626
1432,186,9,2,2.1576400919472016
1433,151,24,0,-4.467461266330071
1434,187,13,1,-3.7969804770169517
1435,110,2,3,-1.754261287022868
1436,65,6,4,-0.8199681282660456
1437,41,20,0,-4.477867141863402
1438,10,22,4,-3.4798382844091167
1439,104,7,1,-4.661932972378642
1440,49,2,4,-5.837464527550854
1441,31,23,1,1.8785706772702675
1442,51,14,0,-9.744394771176147
1443,196,22,4,-4.1123561933693304
1444,34,23,0,-3.1108527829210804
1445,7,8,4,-6.249799321237958
1446,196,6,4,-5.726059299981736
1447,162,22,3,-4.434596936631208
1448,149,8,4,-10.062017915531598
1449,168,13,4,-1.9880765409251602
1450,39,23,3,-3.316331968784938
1451,48,1,3,-1.0761457310142164
1452,102,12,1,-4.6082838219386915
1453,106,10,1,6.826214713130472
1454,13,18,3,-2.7877816870886725
1455,35,21,3,0.8773317869430632
1456,141,0,3,-9.477361632984088
1457,189,21,3,0.16753519325043476
1458,186,20,2,-3.59853021460144
1459,50,18,0,-0.17996615971265362
1460,165,12,3,-9.869814662384618
1461,130,22,0,-0.09033701377007874
1462,180,1,2,-8.640353677405024
1463,174,2,0,-4.861728769882605
1464,26,8,2,-9.592455217988494
1465,182,24,2,0.47903987721414565
1466,45,18,2,5.617502762911064
1467,92,14,4,0.21896177248448856
1468,135,13,1,0.437210823034079
1469,162,24,3,-2.3301874509630927
1470,26,1,2,-0.634342092363127
1471,49,2,4,0.4113739894095638
1472,155,13,1,3.1440571206347587
1473,157,2,2,-8.15165929996383
1474,45,23,2,-6.069532522906318
1475,183,22,3,-1.7331680883998017
1476,3,22,3,-6.868885689061902
1477,164,1,0,0.2926648522700973
1478,35,20,3,-7.784108532487987
1479,83,17,2,0.5181670438750425
1480,57,23,2,-3.729932823968373
1481,41,20,0,-4.921963027166651
1482,44,20,3,-9.603901314791566
1483,63,7,1,-6.064592615737588
1484,128,24,2,4.103346955575356
1485,28,5,1,-2.9343963647973155
1486,154,10,4,0.592685953020428
1487,150,18,0,1.6714761567591698
1488,125,1,4,-0.11763335582458079
1489,36,3,3,0.6810842521806469
1490,58,6,2,-7.0266538309847135
1491,82,6,4,-2.7940303953971255
1492,191,11,1,-5.714794696108603
1493,94,16,0,-5.607101828492198
1494,115,24,0,-9.833433991097667
1495,83,5,2,-3.9926655808383167
1496,119,15,2,-1.9916344816027145
1497,192,12,3,-9.405695434177016
1498,79,15,3,0.368299906295084
1499,64,9,0,-1.7698185710557313
1500,167,23,4,0.8581075741008726
1501,186,24,2,7.356113336865107
1502,89,18,2,-1.4452968700667561
1503,21,1,2,-1.374806349578279
1504,154,2,4,-3.1162277165097323
1505,172,24,2,2.316611093939017
1506,141,11,3,-9.423603493300503
1507,21,19,2,-4.270363463277619
1508,89,15,2,1.6521329319904579
1509,60,23,1,3.8740258660465674
1510,199,12,3,-4.275787437883897
1511,59,20,0,-6.516610272633906
1512,114,17,1,-0.648036487428219
1513,87,13,4,1.3997990904847895
1514,155,10,1,6.661803643821393
1515,27,23,4,1.127905456878477
1516,11,18,0,-1.654479130453597
1517,92,4,4,12.609379259949199
1518,125,12,4,-5.093082774806644
1519,176,6,2,-15.667335705421904
1520,37,14,2,-0.24554878648627954
1521,177,8,3,-13.0260233433468
1522,108,10,2,-0.8944981825741014
1523,164,17,0,-1.0263012207026887
1524,116,20,1,-5.172062257863535
1525,111,10,4,-0.9661621221573895
1526,195,13,3,-2.7361066405416246
1527,85,2,2,-3.8722443914729983
1528,62,22,2,-8.06020894234456
1529,29,4,1,0.47117858700774784
1530,5,23,2,-7.040502784916793
1531,22,0,2,-12.284204070531256
1532,28,6,1,-5.239215194184968
1533,121,21,3,3.349710603528095
1534,112,16,4,-2.296512525642226
1535,162,20,3,-13.163533413859737
1536,184,9,2,-4.41259565595866
1537,111,15,4,0.3603686654279614
1538,182,8,2,-10.360449500751908
1539,77,19,3,-3.2010547259005717
1540,170,21,1,0.7789111053767204
1541,179,18,1,1.5871270582212176
1542,146,6,0,-5.608173081069366
1543,147,15,1,-3.592089829771962
1544,158,0,4,0.5382804541406334
1545,109,23,0,-1.159199342872463
1546,144,1,1,-7.331470117240288
1547,8,2,3,-3.8807880220988373
1548,143,21,2,-5.917741225853169
1549,5,23,2,-8.934820258643011
1550,170,12,1,-2.5060264487959865
1551,156,24,1,-3.3631293948828347
1552,116,24,1,-2.936435552707912
1553,140,1,1,-1.271250556268357
1554,88,6,0,-5.15685463166681
1555,0,15,3,-1.8888832223181526
1556,59,6,0,-6.706180284774424
1557,116,6,1,-6.088319311349062
1558,92,24,4,2.1853012173438398
1559,192,15,3,-0.4438364252291569
1560,94,20,0,-6.562972362979252
1561,11,21,0,-1.436711787584211
1562,142,20,2,-8.669357421642989
1563,9,1,0,1.311222750187408
1564,96,20,4,-7.330204300858415
1565,184,3,2,-4.257484770088174
1566,97,21,4,1.0650012416669388
1567,71,9,3,-1.9408451809087128
1568,132,19,4,-6.521362797263471
1569,169,19,0,-5.017030850228214
1570,122,8,0,-6.967120967307502
1571,66,5,1,-6.281007140565654
1572,24,24,0,0.19364524326310972
1573,6,24,1,-2.044114476528111
1574,62,13,2,-8.620959776667044
1575,174,11,0,-7.18519213988709
1576,23,13,3,-2.402035930815307
1577,139,18,0,-3.8770412245634653
1578,12,0,3,-5.435922785794782
1579,132,6,4,-4.985254999465594
1580,129,4,1,2.27861073526823
1581,120,20,0,-0.36689143806496016
1582,111,24,4,3.737141347003111
1583,52,10,2,-3.464827861962843
1584,132,18,4,-0.21288830574444684
1585,163,2,4,-3.11335988835038
1586,98,8,2,-13.063155815446843
1587,96,6,4,-7.965275482619554
1588,189,16,3,-10.096413768111839
1589,112,11,4,-0.7805909860405834
1590,117,10,3,-5.706602439579162
1591,44,13,3,-2.941254570375741
1592,76,9,0,0.8376511397613449
1593,101,19,1,0.8007574938611408
1594,73,3,2,-0.41061386211326867
1595,183,5,3,-6.65392549597307
1596,105,10,3,-5.609937787881966
1597,9,2,0,-3.193633753553719
1598,89,24,2,7.698415114828235
1599,164,21,0,-3.4502487205046943
1600,102,10,1,-2.186460936803295
1601,112,12,4,-1.0839009510277806
1602,155,2,1,3.254711890969685
1603,57,22,2,-13.645258002796716
1604,7,1,4,1.2369340426069255
1605,116,22,1,-0.4124977986495293
1606,187,16,1,-4.766942602589525
1607,101,6,1,-10.349902445995468
1608,1,1,1,-3.0013912882010074
1609,3,13,3,-6.267460124362208
1610,109,4,0,4.521139024731326
1611,69,6,3,-4.149849526744949
1612,81,3,0,2.677193626043044
1613,197,11,1,-1.5240810574349557
1614,175,3,0,0.7920650454579781
1615,140,9,1,-1.6940673393329042
1616,86,18,0,-0.9861752226888901
1617,79,19,3,-11.223187824455177
1618,174,7,0,-9.042129381799189
1619,155,8,1,-3.4882939337633427
1620,142,6,2,-11.388528283408228
1621,30,21,3,1.4163049871318574
1622,157,10,2,-0.6704487727696737
1623,167,3,4,6.216545427430811
1624,14,23,3,-10.363917952448265
1625,144,15,1,-5.2693731599269995
1626,98,3,2,-3.654521752725149
1627,179,16,1,-4.553905493296613
1628,170,5,1,-6.017713269596575
1629,160,0,3,-10.575539769953465
1630,28,10,1,0.05101886414566259
1631,94,12,0,-2.4514334967027
1632,50,1,0,5.3884565942459535
1633,193,24,2,3.1771634205277284
1634,191,23,1,-0.9260493990802259
1635,16,23,3,-7.841421535957144
1636,71,3,3,4.61252326636339
1637,32,17,1,1.7125575513948714
1638,46,24,1,-0.5578769130668781
1639,172,3,2,0.7867264959424312
1640,119,8,2,-10.6118384730377
1641,64,8,0,-10.737777066950365
1642,17,24,1,-4.626113554216429
1643,140,21,1,-3.7437263713925004
1644,182,4,2,-6.005688056338315
1645,91,21,1,-6.046598612816952
1646,8,8,3,-13.409092304743421
1647,132,0,4,-7.141337781581361
1648,29,18,1,-0.30587569388260893
1649,75,23,0,-2.4445021433772527
1650,19,24,1,-2.6283948823267202
1651,17,20,1,-7.332650704830147
1652,179,12,1,-3.117313381889012
1653,128,17,2,-0.9673440896650947
1654,190,23,3,-11.114213128500062
1655,121,24,3,-0.9138725651000732
1656,14,16,3,-7.2484208264750665
1657,138,23,2,-5.5642716052098855
1658,145,16,2,-5.478821252884732
1659,149,1,4,0.20376920304627566
1660,2,1,4,-4.384837916254652
1661,68,8,2,-4.130049461069088
1662,197,11,1,-3.2294613099358798
1663,38,18,2,3.9248557452293937
1664,6,22,1,-1.7761652156936756
1665,45,10,2,2.3349789259350304
1666,163,21,4,-0.33052009090459117
1667,53,0,3,-10.907005851270904
1668,62,11,2,-6.449953416707854
1669,32,3,1,4.199108712451726
1670,171,20,0,-8.859768383379885
1671,97,15,4,3.775661936426798
1672,93,9,4,4.320220699965897
1673,40,23,1,-0.8660396742065495
1674,140,16,1,-4.29179106906645
1675,81,7,0,-9.792459815746131
1676,91,19,1,0.5444205396044712
1677,194,20,4,-2.001136665731694
1678,33,9,0,-8.817408323913977
1679,37,24,2,1.2506117063877942
1680,34,11,0,-4.801942635897262
1681,120,20,0,-1.6359320513001834
1682,59,1,0,1.6789285225649861
1683,194,15,4,-0.2374001110344871
1684,98,11,2,-7.990947976703991
1685,89,15,2,2.1585853925786633
1686,148,4,2,-10.318882622825287
1687,141,12,3,-9.796692859423745
1688,164,9,0,-5.02601906447263
1689,56,3,2,-7.771105580285278
1690,60,5,1,-2.4829175673229873
1691,120,20,0,-2.7994631324546084
1692,126,9,2,-0.22034088342042232
1693,58,15,2,-0.27027824234030606
1694,167,24,4,4.783723853011663
1695,103,12,4,2.9608846727223237
1696,195,13,3,-6.7371192359726155
1697,162,19,3,-15.362263487680924
1698,47,0,2,-7.163694602268511
1699,155,11,1,-2.9367346720877876
1700,30,22,3,-5.749976450059567
1701,64,18,0,-1.216492592463301
1702,143,4,2,-8.836310920424744
1703,92,14,4,-3.174366890605671
1704,4,15,4,6.127373963661436
1705,13,2,3,-2.272993180065313
1706,115,7,0,-17.368357148330865
1707,113,17,3,4.0033595207224355
1708,109,12,0,-3.1723713657563772
1709,37,3,2,-1.7367474857785956
1710,138,3,2,-6.125769307562754
1711,42,5,4,1.5821092101387042
1712,61,14,1,-8.372427639853102
1713,148,9,2,1.2381651441773358
1714,77,17,3,-0.6875615602020517
1715,185,23,1,-0.7023908234500174
1716,63,2,1,-7.828927131648209
1717,82,1,4,2.6238230445589625
1718,86,9,0,-7.09729737291391
1719,53,22,3,-6.607791493623119
1720,34,0,0,-1.8802411109305779
1721,59,13,0,-6.98033591461134
1722,36,0,3,-12.253921177187378
1723,159,20,0,-6.721760791190931
1724,146,14,0,-11.253074650148577
1725,100,2,3,-5.136759726296115
1726,0,20,3,-7.9566245587890165
1727,106,4,1,7.657656999650737
1728,140,24,1,0.8776286015739413
1729,194,13,4,-1.4381681690953911
1730,193,23,2,-3.930446005330755
1731,177,4,3,2.8483450101560495
1732,127,8,4,-2.0868293959777047
1733,100,21,3,0.4796725115399154
1734,103,20,4,2.6865834886670017
1735,107,12,2,-7.400484736985343
1736,0,2,3,-0.6098140734287751
1737,136,5,3,-8.890123411363458
1738,11,13,0,-12.240836597340172
1739,146,0,0,-4.09543400745363
1740,177,1,3,0.7528898925404874
1741,59,10,0,-3.283418771344023
1742,184,21,2,-2.549820430547274
1743,165,12,3,-9.089446379125222
1744,14,0,3,-4.618597093480922
1745,1,23,1,-4.159096558926887
1746,196,8,4,-8.374812814922054
1747,129,2,1,-1.373518107546269
1748,98,16,2,-7.122857844387151
1749,95,9,3,-4.046881336299221
1750,177,14,3,-4.226083719065933
1751,19,15,1,-1.4107234373884023
1752,74,0,2,-3.367986091243628
1753,96,13,4,-1.435582607799983
1754,81,10,0,-3.396170421476391
1755,156,14,1,-10.315212611209336
1756,57,19,2,-5.42588264127052
1757,121,19,3,-7.250110219835125
1758,4,1,4,-3.339821693516819
1759,137,6,3,-16.441608223447673
1760,84,1,4,-2.5943229769271468
1761,3,24,3,-6.453786573716015
1762,37,17,2,-1.3182876710861886
1763,65,15,4,4.141407034848316
1764,5,3,2,-0.44289970492953534
1765,168,10,4,-0.6347794655237085
1766,90,6,3,-14.658253834014477
1767,151,10,0,-5.84301416772135
1768,118,19,4,-3.7923660287177507
1769,46,4,1,-0.027253976696808513
1770,118,13,4,-3.6149475682063112
1771,62,17,2,-7.508138971216631
1772,79,16,3,-5.536243878911164
1773,93,19,4,-4.588550463825441
1774,84,3,4,12.432000191329028
1775,63,7,1,-6.437535578411788
1776,120,3,0,2.0850793134214296
1777,137,23,3,-10.230437945492099
1778,186,10,2,-0.25731260251569765
1779,189,7,3,-6.9738837581167
1780,122,4,0,-0.9291740757049821
1781,91,23,1,0.07107443229950983
1782,126,12,2,-4.171452719437029
1783,65,11,4,-0.2576713811081695
1784,129,9,1,1.593802776725945
1785,54,21,1,-0.9182529861337347
1786,32,24,1,-0.3095652471929721
1787,77,4,3,5.841345439188105
1788,43,22,3,-13.136820276593259
1789,97,6,4,-3.128986876513909
1790,194,20,4,0.5756190494705704
1791,192,2,3,0.3395437749694392
1792,59,10,0,-6.154486015879144
1793,86,19,0,-9.829132828899125
1794,94,11,0,-4.04389241681975
1795,181,22,1,-8.678343327553902
1796,170,1,1,1.9430723326508548
1797,89,19,2,-7.367761105145593
1798,178,7,3,-8.854664722680626
1799,73,14,2,-6.623766012602221
1800,13,24,3,4.28217394785985
1801,35,21,3,1.2212751316393615
1802,107,3,2,-0.2769741173159459
1803,47,18,2,-2.5541114144369432
1804,41,3,0,0.349052928440047
1805,194,0,4,-6.4695774576397485
1806,76,16,0,-5.070991228837322
1807,4,17,4,0.8752124502292666
1808,107,24,2,3.6674930149304084
1809,70,7,1,-3.9950847177455655
1810,170,14,1,-4.334264062015054
1811,175,9,0,-3.808366395109686
1812,124,4,1,2.6280476141985876
1813,29,1,1,-1.528743466569428
1814,147,22,1,0.28707412786142816
1815,130,15,0,3.4628517471293643
1816,39,3,3,4.9619159871574725
1817,184,14,2,-1.653406205176994
1818,49,16,4,0.8373078754468726
1819,128,24,2,6.440829948673123
1820,153,2,0,-6.396050457227755
1821,158,24,4,7.573145782598099
1822,171,5,0,-4.966442736881237
1823,23,0,3,-13.133971628561094
1824,181,15,1,-5.6913730917766765
1825,56,4,2,-11.879817668830608
1826,67,18,0,-1.8664936814657795
1827,0,5,3,-3.6319495992306035
1828,33,19,0,-7.009800363607969
1829,159,24,0,-8.598602588789083
1830,134,9,0,-7.799993343316702
1831,108,15,2,-1.4937275694859549
1832,114,21,1,-7.616996261125393
1833,6,2,1,-2.045188446769707
1834,123,2,3,-1.0583506781916552
1835,42,10,4,3.7605108538952443
1836,56,21,2,-1.4475046150363107
1837,70,17,1,0.4650341243572681
1838,174,9,0,-4.273534359682994
1839,48,10,3,-5.2235191243297585
1840,75,16,0,-10.181692632031668
1841,183,12,3,-3.338645346345211
1842,123,13,3,-6.151510179353437
1843,36,11,3,-8.418063778067616
1844,135,10,1,3.713282731582061
1845,75,11,0,-9.64461691032434
1846,120,8,0,-10.66167616744772
1847,39,12,3,-3.0386114026571374
1848,25,16,2,-8.376824529912504
1849,70,17,1,3.212615486387867
1850,92,5,4,-1.3878208023194618
1851,74,22,2,-12.026820466236913
1852,94,22,0,-6.925572526116844
1853,132,2,4,-2.029363621988929
1854,184,13,2,-9.172107682915772
1855,107,13,2,-3.2245696407162803
1856,107,18,2,0.5596775698833583
1857,133,12,4,2.5802502721504323
1858,9,17,0,2.3896535258614358
1859,16,22,3,-12.056144841561755
1860,35,18,3,-3.315244593620887
1861,90,22,3,-10.592050795883358
1862,18,14,2,-6.0001103846008
1863,166,21,1,-1.4227801391525199
1864,102,2,1,-4.639915468743076
1865,112,14,4,-3.7141104344489224
1866,92,17,4,1.71640617393022
1867,6,1,1,4.5424095896798375
1868,164,12,0,-0.8936125384442695
1869,125,0,4,-7.3169974441601076
1870,169,23,0,-5.973843261996289
1871,40,24,1,1.3091454586286413
1872,15,24,1,-6.687301366071076
1873,43,14,3,-15.37754442987257
1874,72,6,3,-10.964060569260063
1875,153,2,0,-4.243589246163554
1876,120,0,0,-3.6449141444233644
1877,31,2,1,2.839437365026882
1878,145,20,2,-5.3394946291424725
1879,137,0,3,-11.397282245191713
1880,84,17,4,-1.5971112535511969
1881,40,11,1,-4.550729323988777
1882,48,23,3,-5.87262492173226
1883,49,8,4,-5.063436538260145
1884,129,8,1,-3.8802183525916676
1885,1,0,1,-3.50281353700353
1886,161,16,0,2.0114781861949282
1887,136,5,3,-8.246703316113795
1888,95,4,3,7.790590654713181
1889,54,14,1,-6.102898245938787
1890,175,9,0,-4.391992940142687
1891,126,18,2,4.108838130605088
1892,112,14,4,-6.900639123320621
1893,27,20,4,0.9540972334299598
1894,153,19,0,-2.2386973015760443
1895,59,14,0,-5.658170429438602
1896,54,4,1,0.08229914236595093
1897,24,14,0,-3.523376948048983
1898,34,11,0,-4.532985315687714
1899,85,1,2,-4.627875144508487
1900,158,4,4,8.43222681965667
1901,190,12,3,-5.149356692542402
1902,115,2,0,-3.066513503013666
1903,157,22,2,-5.854530754530495
1904,39,6,3,-6.953798364181738
1905,27,20,4,-2.559623954358801
1906,4,21,4,-2.392785440876299
1907,158,10,4,9.928616659086403
1908,125,20,4,-2.9764949479006435
1909,112,9,4,7.439881436097975
1910,117,0,3,-14.34897629405806
1911,93,0,4,-2.7198230841586097
1912,71,9,3,-2.6815552848252437
1913,194,23,4,1.733183517634958
1914,111,16,4,-0.7405522993409932
1915,62,8,2,-11.813302745968343
1916,20,2,4,-2.531741248724348
1917,115,14,0,-11.00833478990334
1918,79,19,3,-11.869638963871045
1919,101,5,1,-6.88623331787606
1920,109,21,0,6.314259330233233
1921,19,24,1,6.554563562407534
1922,154,21,4,-2.0150117673978523
1923,16,11,3,-13.259299740252382
1924,42,16,4,2.5862203046115875
1925,180,4,2,-9.829740941488637
1926,75,18,0,-3.034183517008815
1927,69,2,3,-1.6665894902986724
1928,149,13,4,-1.5416256746837564
1929,191,16,1,-9.920208220032464
1930,95,21,3,3.3454673085442375
1931,90,10,3,-13.380284452433884
1932,143,17,2,-3.8213688376705415
1933,30,22,3,-6.753221926564921
1934,185,16,1,-8.486628529603532
1935,68,10,2,2.2127923982171853
1936,86,2,0,-0.24234059952289178
1937,126,2,2,1.0421779080594078
1938,94,7,0,-11.024045092179811
1939,77,14,3,-5.309103728258216
1940,85,8,2,-11.370876209632998
1941,189,21,3,-0.07824577600089722
1942,116,10,1,-0.7915314601651486
1943,104,22,1,-1.230453243294471
1944,39,23,3,-3.7648291990532385
1945,122,11,0,-9.263606390470024
1946,23,14,3,-7.259917992070275
1947,101,9,1,-4.138607187530775
1948,121,24,3,-1.2449710244317174
1949,138,21,2,-5.576627579535386
1950,39,20,3,-9.233022568166565
1951,2,17,4,1.2743210631747295
1952,67,11,0,-7.288207599738192
1953,77,10,3,-7.033022423424836
1954,100,10,3,-8.838354425050042
1955,114,12,1,0.7735416762956211
1956,54,22,1,-6.426389301047456
1957,154,17,4,0.09759270728154723
1958,78,13,1,-8.335463696844108
1959,177,5,3,-4.050110210285806
1960,63,16,1,-10.192834905227633
1961,29,24,1,-4.429659089576106
1962,12,16,3,-7.33648065990889
1963,145,5,2,-10.563705042903848
1964,8,6,3,-9.58358264607533
1965,72,19,3,-7.355838559689134
1966,155,11,1,-0.09932389084786158
1967,12,1,3,7.0980412585732395
1968,126,7,2,-10.625635675419764
1969,183,3,3,3.105624339102994
1970,156,10,1,-1.423529426220239
1971,97,12,4,2.1953152976835755
1972,191,3,1,0.17206912537847657
1973,154,0,4,-7.244279086038299
1974,62,11,2,-6.210605457170298
1975,5,15,2,-0.9399654364332077
1976,21,21,2,0.5386465238455007
1977,16,24,3,1.096424429512231
1978,90,16,3,-12.89779024320621
1979,76,12,0,2.656101847060066
1980,80,18,0,-0.6398653487869586
1981,106,7,1,-1.2860051018321825
1982,154,23,4,-4.839034038490275
1983,135,4,1,6.736899834165671
1984,161,21,0,0.7714194143072448
1985,177,8,3,-9.730006688877378
1986,53,5,3,-8.520138281430555
1987,9,7,0,-9.503477564149996
1988,84,20,4,0.9167472910754337
1989,173,5,1,-5.701418362524519
1990,54,15,1,1.8679854071149053
1991,56,8,2,-5.952694831085676
1992,39,15,3,7.424164382491803
1993,89,21,2,-4.130701308749721
1994,160,10,3,-4.353540948383553
1995,167,13,4,-3.925619493653312
1996,174,8,0,-15.344504842045358
1997,37,2,2,2.4022955758015336
1998,158,0,4,-2.4109254592268976
1999,36,22,3,-9.32013060527737
2000,81,2,0,-3.1626092851644136
2001,79,11,3,-16.989911760672197
2002,55,24,4,3.5661245627957197
2003,5,8,2,-10.847987955728227
2004,38,6,2,-5.324339208570897
2005,61,17,1,-1.7518275019910141
2006,129,1,1,6.03493277205075
2007,153,22,0,-5.893059438390982
2008,149,8,4,-9.614086245948958
2009,113,18,3,-3.1290071669639583
2010,79,3,3,0.3114035774896895
2011,5,14,2,-4.086595200829745
2012,183,17,3,1.3982434678932618
2013,186,15,2,3.6734013789804325
2014,169,19,0,-3.7232628070293825
2015,129,4,1,-1.374672144053502
2016,4,15,4,-1.5575302010201142
2017,52,7,2,-8.050386107885082
2018,196,21,4,-1.761857943377064
2019,84,15,4,0.7266612008534779
2020,84,17,4,1.9655668867683467
2021,197,15,1,5.358038021067301
2022,150,14,0,-17.53446836416842
2023,10,10,4,2.1070730507579865
2024,146,19,0,-2.811892455292735
2025,47,10,2,-3.8701576273313627
2026,196,18,4,-2.3774383712234206
2027,152,14,3,-4.55685708721193
2028,166,23,1,1.4408485899880255
2029,83,13,2,-2.6681815037710512
2030,142,2,2,-7.664054164073612
2031,103,7,4,-4.484728676436415
2032,128,19,2,-5.6922146075387055
2033,134,11,0,-7.181958747974868
2034,54,11,1,-1.3495934184189426
2035,48,2,3,-4.138482908717114
2036,64,9,0,-6.615249434484408
2037,117,12,3,-6.926726022218963
2038,185,22,1,-1.945768218314612
2039,69,16,3,-7.137894142303465
2040,178,11,3,-12.401656086077885
2041,161,16,0,-3.9138626332136277
2042,120,19,0,-0.8924242979464865
2043,191,23,1,-4.96312767081403
2044,2,24,4,-1.560873861358718
2045,105,18,3,-8.0709677551682
2046,13,0,3,-13.256776629825278
2047,76,24,0,-3.9869508405299223
2048,37,0,2,-3.3527891562145746
2049,184,14,2,-8.36048264171509
2050,51,18,0,-1.556551214393041
2051,49,14,4,-5.125527419963587
2052,74,1,2,-1.7903802465648362
2053,91,12,1,-2.0908157550860165
2054,192,6,3,-12.441394123431097
2055,7,7,4,-1.5442792541882118
2056,128,17,2,0.2854314326551479
2057,23,8,3,-10.668936458057239
2058,66,17,1,1.4169158184306956
2059,198,5,0,-2.986809725817292
2060,131,13,3,-9.044491125600528
2061,138,18,2,-0.03232697465428558
2062,119,14,2,-6.8879537762869765
2063,108,16,2,-8.095223318492241
2064,148,16,2,-10.443048122332833
2065,116,24,1,0.5966250541260684
2066,55,1,4,0.2587536954801932
2067,39,15,3,6.647449493517925
2068,63,15,1,-4.547794722457475
2069,177,1,3,1.588594751217413
2070,151,24,0,-6.0931872849092175
2071,52,6,2,-5.33524187327112
2072,92,13,4,1.4309818007459068
2073,151,19,0,-6.371835218456487
2074,92,17,4,4.5233012907364545
2075,178,6,3,-12.224889386284646
2076,155,19,1,6.745735985848199
2077,61,1,1,-3.7166665576720246
2078,55,19,4,0.2953067064826307
2079,83,4,2,-7.708544292091146
2080,58,24,2,4.646846056272373
2081,178,17,3,-5.854026297106621
2082,191,6,1,-13.27720231300211
2083,83,15,2,1.5092113581377067
2084,70,10,1,2.7743583117401966
2085,33,14,0,-11.534813809407465
2086,23,8,3,-12.34632712526758
2087,29,14,1,-10.990561265191374
2088,163,4,4,3.077379303500119
2089,50,10,0,-1.0264208929821264
2090,132,14,4,-1.0039481934728993
2091,102,1,1,-1.863111925033187
2092,76,0,0,-0.49125306660118717
2093,128,8,2,-7.131352533083778
2094,184,4,2,-8.756439052114866
2095,40,21,1,-0.0925970832219023
2096,129,9,1,-3.156658889080031
2097,139,17,0,2.1949669075553
2098,136,1,3,-1.0469534582831106
2099,12,24,3,-2.1418995418223212
2100,67,15,0,2.706172289683259
2101,47,2,2,-5.1816419889899965
2102,199,3,3,-2.187323929001994
2103,172,6,2,-5.838486914059472
2104,194,20,4,-5.185329519996587
2105,40,19,1,0.08623451718885489
2106,101,16,1,-7.687086390756291
2107,179,17,1,3.509867104303838
2108,190,20,3,-13.816942682246678
2109,32,17,1,1.031242179842165
2110,198,18,0,-5.201732152940957
2111,100,23,3,-9.556448479178394
2112,150,5,0,2.3720467465099753
2113,63,17,1,-1.1395306936273502
2114,83,0,2,-0.833445386041737
2115,73,13,2,-1.3848692614387734
2116,157,16,2,-5.7415564259702885
2117,84,10,4,2.024552583120105
2118,95,18,3,-4.123261829683454
2119,47,11,2,-9.068663196789092
2120,50,10,0,-0.36863936001647624
2121,139,2,0,-4.464122701696774
2122,142,10,2,-2.18492444451597
2123,90,19,3,-11.96372119340702
2124,184,13,2,-10.947997511565138
2125,132,22,4,-6.505700483827959
2126,166,12,1,-1.9669333180250932
2127,71,20,3,-10.32733148376067
2128,12,6,3,-12.090888312556384
2129,72,10,3,-5.607275247349406
2130,18,0,2,-2.3512247620317193
2131,160,15,3,1.9202103312006087
2132,130,10,0,-1.9007658533213114
2133,57,18,2,3.1308387128576687
2134,37,19,2,-3.9854462191832827
2135,40,14,1,-12.150853655609083
2136,91,17,1,-1.4609758769662555
2137,152,21,3,4.39489181559691
2138,80,22,0,0.648855585499247
2139,190,23,3,-7.420692043567332
2140,20,10,4,0.9367386761245816
2141,115,20,0,-9.712322409984711
2142,139,17,0,1.3552136209361716
2143,117,14,3,-6.779047103993342
2144,60,19,1,-0.015847230764959974
2145,9,10,0,-1.319601975149724
2146,58,10,2,-1.1072749480927655
2147,193,8,2,-8.574388777971564
2148,179,9,1,-1.730901725214128
2149,107,18,2,2.2445120365900353
2150,2,1,4,0.16950416792897285
2151,183,22,3,-3.236111019413175
2152,159,22,0,-3.9268913255116606
2153,29,23,1,-7.51194807262507
2154,80,12,0,1.2109921231730734
2155,124,3,1,1.5792241467472672
2156,161,20,0,-4.224700465465827
2157,121,21,3,-0.5123738989593081
2158,178,2,3,-2.9613739374391708
2159,95,16,3,-6.497255638024997
2160,46,0,1,-3.0882488936265142
2161,161,6,0,-1.4927678615074067
2162,152,2,3,1.9843253241636196
2163,85,10,2,-0.06278562664717113
2164,119,16,2,-6.132739997694391
2165,148,13,2,-3.6855054890468817
2166,127,7,4,2.059910923737884
2167,147,12,1,-3.3985738515437713
2168,30,11,3,-10.339762605159887
2169,38,1,2,-2.3585828984780504
2170,7,10,4,4.171562092544645
2171,98,19,2,-4.924174328270475
2172,183,12,3,-4.932040736894504
2173,160,24,3,5.009171971375983
2174,59,19,0,-8.600737546749224
2175,150,19,0,-5.179233629890658
2176,111,19,4,-6.461154872444359
2177,142,9,2,-3.799034899283785
2178,103,8,4,-7.590088600028647
2179,58,24,2,6.376436852934493
2180,1,17,1,-0.33723894866403903
2181,71,24,3,-3.0137471970813197
2182,53,24,3,-2.811600172623592
2183,64,8,0,-11.423881977717418
2184,132,14,4,-7.45820621606469
2185,33,23,0,-5.199868047768394
2186,175,19,0,-4.153603276547269
2187,143,11,2,-11.846275865031693
2188,161,17,0,5.913513840612454
2189,21,12,2,-4.482755546271704
2190,132,12,4,1.4275482213650112
2191,134,22,0,-0.22216403272055363
2192,154,7,4,-6.233123781142661
2193,21,9,2,-0.34839558802320325
2194,21,3,2,-7.576218599514306
2195,147,10,1,1.1216351558325373
2196,192,20,3,-12.189645571127151
2197,89,1,2,2.66768434284465
2198,144,6,1,-11.96253856799307
2199,118,6,4,-3.142801240718657
2200,96,12,4,0.6663165794706547
2201,49,1,4,-0.5940642345045015
2202,14,17,3,-1.855330194422092
2203,59,10,0,-0.2539278576242947
2204,49,7,4,-3.06359266893962
2205,128,8,2,-9.62968727428767
2206,11,24,0,-7.22254104627379
2207,61,15,1,-4.009476654974868
2208,70,19,1,3.7060807106718396
2209,120,11,0,-2.28633052995693
2210,196,15,4,0.11762819965534366
2211,3,7,3,-7.933494822388319
2212,178,24,3,-1.5668578333981404
2213,62,20,2,-6.980327057064512
2214,156,19,1,0.6290079049839974
2215,168,14,4,-4.141589295344469
2216,41,21,0,0.38522120887177946
2217,32,23,1,-1.793124569673783
2218,5,0,2,-6.436638262369461
2219,185,19,1,-0.5894082967500691
2220,191,2,1,-5.408805930701416
2221,176,1,2,-4.326273650447227
2222,98,13,2,-5.588568058919126
2223,165,4,3,-0.33377648390089654
2224,102,5,1,-13.741852299608743
2225,115,4,0,-1.8469721033292184
2226,180,14,2,-1.7343377339702695
2227,61,13,1,0.9961342753356108
2228,86,6,0,-4.905612386641294
2229,125,4,4,0.3409050082739431
2230,73,14,2,3.871421111551376
2231,87,19,4,-1.414184754115724
2232,108,11,2,-7.430382894147137
2233,63,19,1,-5.145193977902542
2234,36,8,3,-16.359458833184632
2235,19,24,1,0.37829064403591306
2236,137,10,3,-5.539861465232281
2237,0,24,3,0.04558498058558072
2238,135,20,1,-6.30216192717821
2239,40,20,1,-6.227315786030438
2240,178,7,3,-5.340101911793436
2241,175,1,0,2.7598103703237884
2242,10,5,4,-1.4086137548470745
2243,192,2,3,-1.6301109435094898
2244,152,8,3,-13.154936817808084
2245,145,15,2,-5.229545111448626
2246,137,8,3,-19.95975019824452
2247,54,13,1,-4.111172867869221
2248,195,12,3,-4.504296853542517
2249,134,8,0,-13.735331470746251
2250,83,22,2,-6.046529009226071
2251,180,18,2,-2.293496188296053
2252,158,10,4,0.5712761136660323
2253,158,5,4,1.813881719408105
2254,33,16,0,-6.41788062963596
2255,140,10,1,5.9467425323993295
2256,101,3,1,2.044959197142716
2257,128,6,2,-2.2713276746005375
2258,174,6,0,-5.837775764102137
2259,42,6,4,1.2636546866284395
2260,157,9,2,-1.6606988733976022
2261,94,21,0,-1.517348115385383
2262,90,18,3,-5.263932122746473
2263,55,3,4,8.464680380966946
2264,156,21,1,-5.469247298482354
2265,3,17,3,-4.727410129734089
2266,20,20,4,1.4167819580411194
2267,74,19,2,-8.52292150853383
2268,189,22,3,-7.75408032960503
2269,148,22,2,-14.40002175203951
2270,171,21,0,1.1623213778176313
2271,81,8,0,-11.8075240780273
2272,191,17,1,1.275730318472788
2273,56,19,2,-6.466385506976363
2274,42,12,4,3.0919405715047126
2275,86,23,0,0.6287904076210764
2276,174,2,0,-4.113033781115798
2277,10,24,4,6.494482651621237
2278,118,19,4,3.3936029325885455
2279,126,17,2,-1.8518939829060626
2280,89,24,2,1.1625287790473966
2281,131,20,3,-15.627347104174271
2282,173,3,1,2.8959546715844784
2283,13,1,3,-1.7945169017986276
2284,114,20,1,-8.42162933973569
2285,193,15,2,1.2870229215824156
2286,90,15,3,-1.0343825662424522
2287,145,23,2,-6.535246256106104
2288,185,8,1,-5.032112466719723
2289,18,20,2,-5.504240089723856
2290,133,22,4,-3.4003263031486335
2291,9,22,0,-3.115024452319302
2292,52,18,2,-0.7977065760165363
2293,20,15,4,3.6154956994087732
2294,96,19,4,-6.745092708649768
2295,32,21,1,-2.584661817446011
2296,167,20,4,-0.05445576293308285
2297,74,13,2,-4.317481186443947
2298,177,5,3,-5.167595706580342
2299,43,23,3,-9.014917383806631
2300,185,10,1,-0.25763235771541426
2301,105,20,3,-12.16332446701755
2302,100,13,3,-3.5072350490124795
2303,102,9,1,-5.886428808433006
2304,42,24,4,1.4168922567629347
2305,72,0,3,-8.501459933850391
2306,181,6,1,-16.089542284131507
2307,145,6,2,-6.886191696995678
2308,102,4,1,-2.089889896885064
2309,197,14,1,-7.3527628125591225
2310,21,3,2,-0.5696678885239985
2311,179,9,1,4.1994208474765795
2312,113,10,3,-3.384307261800725
2313,122,15,0,-0.8233142059545324
2314,28,18,1,2.1586042814632127
2315,8,16,3,-8.11813822353574
2316,124,20,1,-8.8118185000737
2317,153,1,0,-1.195141267579043
2318,47,22,2,-11.326055724278097
2319,108,24,2,1.6529195732086757
2320,106,17,1,-0.6667061790263942
2321,8,10,3,-10.735859489518013
2322,64,3,0,4.027312651838317
2323,46,8,1,-6.687757931977629
2324,187,11,1,-5.635054393105742
2325,172,10,2,-3.7168494228485374
2326,20,3,4,6.313020994232306
2327,0,21,3,-1.2051663085841078
2328,105,17,3,-7.067685544275567
2329,111,12,4,-2.96821276655509
2330,11,6,0,-3.317423795306781
2331,194,1,4,-5.869082924475727
2332,57,23,2,-5.123329822664212
2333,79,12,3,-6.249180880144976
2334,127,13,4,0.14631855285604556
2335,97,8,4,-7.994584494359511
2336,87,10,4,-0.6990422882993941
2337,42,6,4,2.020661546774054
2338,124,13,1,-7.90972016371221
2339,2,2,4,-2.492612969871267
2340,37,0,2,-5.139037699551013
2341,185,4,1,3.903803976458166
2342,107,1,2,-6.684868251766771
2343,160,23,3,-4.603671240092972
2344,47,16,2,-6.7317881985183785
2345,143,20,2,-2.7062350756983315
2346,89,14,2,-4.8669856910694875
2347,143,8,2,-16.349247487061753
2348,117,14,3,-9.849346382556421
2349,124,15,1,-1.2927397537842515
2350,22,16,2,-14.342662407251092
2351,123,15,3,-2.876361364909695
2352,167,18,4,0.7223684206453008
2353,57,24,2,-0.636186657590625
2354,9,6,0,-2.9001814447810492
2355,18,3,2,-0.31455539565643464
2356,12,6,3,-9.916348129930313
2357,181,2,1,-10.090380245523878
2358,7,3,4,7.030302044418407
2359,107,16,2,-8.524237110384393
2360,147,14,1,-12.918789290403083
2361,139,20,0,-5.811344841766734
2362,80,16,0,2.506116110666883
2363,153,8,0,-12.124500988494507
2364,81,12,0,-8.82189289114128
2365,121,15,3,1.773199748630806
2366,9,8,0,-11.819938499539107
2367,49,20,4,-1.5471424370525302
2368,195,15,3,4.581649117948271
2369,125,12,4,0.44595122909491614
2370,92,4,4,7.6293398825463985
2371,184,24,2,0.4052976365020235
2372,35,13,3,-1.7928727016890962
2373,68,24,2,9.028648203771093
2374,40,1,1,2.848915030386505
2375,47,4,2,-6.811321470131907
2376,181,8,1,-3.34818070899044
2377,181,10,1,-1.631354058661476
2378,178,6,3,-9.681381467769615
2379,74,20,2,-4.965669347494998
2380,162,17,3,-6.923088366393316
2381,52,21,2,0.592571724372537
2382,138,22,2,-10.073017398361632
2383,19,21,1,2.1682127958096786
2384,182,5,2,-9.668561230057112
2385,11,16,0,-2.18754663319176
2386,153,10,0,-6.128284311546065
2387,144,22,1,-8.965268735149406
2388,126,18,2,3.2073791183772182
2389,105,22,3,-7.866476934746711
2390,7,23,4,-4.041280731064939
2391,26,14,2,-1.1844101949067103
2392,81,19,0,-2.599522143926718
2393,80,24,0,0.5671971605742001
2394,169,1,0,1.6669358239427656
2395,169,20,0,-3.4936974081045675
2396,92,12,4,4.987292667567828
2397,59,8,0,-16.725626004703713
2398,131,9,3,-7.579574390362826
2399,102,5,1,-6.8101202737567
2400,97,8,4,-7.080789524061992
2401,89,12,2,-3.620954457977153
2402,194,15,4,2.508659417197345
2403,132,1,4,-2.4210003498180668
2404,16,10,3,-6.074021801010595
2405,63,11,1,-7.525314765788881
2406,192,18,3,-3.8616958601199407
2407,172,8,2,-7.832517835822106
2408,132,12,4,0.32143611446208686
2409,153,18,0,-4.278561775349833
2410,30,24,3,-5.728510092810704
2411,21,6,2,-9.360520070040325
2412,187,16,1,-9.31630123996821
2413,158,12,4,7.136869158678003
2414,142,15,2,-1.984353584457302
2415,119,11,2,-8.398194439349913
2416,174,22,0,-3.580360114904757
2417,196,22,4,-8.179515725555055
2418,135,20,1,-2.1011607651706985
2419,115,11,0,-10.887183908101317
2420,32,4,1,3.4014592353969872
2421,96,7,4,-7.042965415421564
2422,106,21,1,1.0918981899361297
2423,160,17,3,-1.4274001297008665
2424,147,10,1,9.816528795825151
2425,131,10,3,-10.705996788095067
2426,75,3,0,-2.3764957166250467
2427,127,7,4,-1.3015522381707427
2428,193,10,2,1.6414243551162286
2429,104,21,1,0.16482789538489095
2430,94,17,0,3.32635094823885
2431,67,18,0,-3.2786211138157113
2432,7,14,4,-3.9926886034041864
2433,25,9,2,2.54306008929161
2434,152,16,3,-6.051455872540686
2435,39,11,3,-2.9160946861050157
2436,153,10,0,-4.191862419327889
2437,36,2,3,-2.76245799756101
2438,11,23,0,-5.977340758006816
2439,166,24,1,-2.111401792464135
2440,68,17,2,6.80643745467675
2441,135,10,1,5.050783468099176
2442,120,22,0,1.9722893131149641
2443,143,11,2,-9.709112614564203
2444,49,10,4,1.8210732073864269
2445,184,5,2,-7.680291314070605
2446,77,23,3,-4.550217708465664
2447,18,17,2,0.05471248332719328
2448,78,6,1,-15.418329161619539
2449,35,0,3,-7.0292687270239735
2450,173,22,1,0.7131525295233451
2451,148,17,2,-3.3251816789331192
2452,39,17,3,2.1601161044142008
2453,139,1,0,2.5989308483078872
2454,34,17,0,-1.0969449324144267
2455,26,3,2,-3.4188018203334156
2456,68,16,2,-1.1469369653577337
2457,64,0,0,-3.1972966053536074
2458,141,1,3,-1.9316942938730848
2459,3,23,3,-8.635881558461415
2460,15,4,1,3.24290533608675
2461,82,18,4,-0.46038741578211306
2462,82,4,4,5.881077040477409
2463,118,12,4,4.269291947375895
2464,17,21,1,-7.2217460240292874
2465,51,7,0,-11.986000995067455
2466,72,19,3,-11.351990606576138
2467,149,23,4,-1.8943586593791304
2468,34,13,0,2.583666003796125
2469,109,21,0,-0.11274627877950949
2470,144,5,1,-7.463746434767566
2471,88,18,0,-2.6806041150819064
2472,44,6,3,-8.771190078491227
2473,194,1,4,-4.391687521836346
2474,130,23,0,-1.138856827406739
2475,162,15,3,2.8106185044276843
2476,57,2,2,-1.1443752280727562
2477,138,10,2,-1.996160256175184
2478,179,21,1,-1.6334708011837866
2479,99,3,3,3.217256522669267
2480,186,21,2,-1.8319890934722678
2481,92,17,4,2.982837519971829
2482,197,11,1,0.014309527112134734
2483,60,20,1,-1.8994860919290166
2484,185,13,1,-0.5401662958197426
2485,39,1,3,7.27534818135139
2486,79,20,3,-14.616372618232603
2487,29,11,1,-4.616918520403544
2488,56,17,2,-2.402647889270615
2489,105,23,3,-9.02182482730014
2490,64,23,0,-1.1467050855648169
2491,141,24,3,-4.027530655879142
2492,164,14,0,-7.836876821047383
2493,99,4,3,-0.24638477175020768
2494,96,16,4,0.6362604175712345
2495,82,8,4,-1.3054113847161792
2496,58,15,2,-2.904645880724318
2497,105,5,3,-12.059267636829162
2498,191,21,1,-0.1870694025973174
2499,133,7,4,-7.919098682270143
